Student_ID,Name,Date_of_Birth,Gender,Course,Year,City,Email
S0001,Vihaan Sharma,2005-01-31,M,B.Sc,2,Visakhapatnam,vihaan.sharma1@example.com
S0002,Saanvi Reddy,2006-09-25,M,B.Tech,1,Chennai,saanvi.reddy2@example.com
S0003,Krishna Gupta,2002-04-19,M,BA,4,Chennai,krishna.gupta3@example.com
S0004,Myra Mehta,2005-02-13,M,B.Sc,4,Kolkata,myra.mehta4@example.com
S0005,Ishaan Verma,2004-05-31,F,B.Tech,1,Delhi,ishaan.verma5@example.com
S0006,Vihaan Das,2005-11-09,F,B.Tech,4,Pune,vihaan.das6@example.com
S0007,Vihaan Singh,2002-11-19,F,BA,3,Kochi,vihaan.singh7@example.com
S0008,Reyansh Reddy,2002-07-07,M,B.Com,1,Chennai,reyansh.reddy8@example.com
S0009,Vihaan Singh,2005-02-12,F,B.Com,2,Kolkata,vihaan.singh9@example.com
S0010,Ananya Iyer,2004-12-29,M,BA,2,Pune,ananya.iyer10@example.com
S0011,Krishna Verma,2007-03-09,F,B.Com,2,Kolkata,krishna.verma11@example.com
S0012,Vivaan Iyer,2002-05-12,F,BBA,3,Visakhapatnam,vivaan.iyer12@example.com
S0013,Reyansh Mehta,2005-07-12,M,BBA,4,Mumbai,reyansh.mehta13@example.com
S0014,Arjun Rao,2003-07-26,M,BA,3,Kochi,arjun.rao14@example.com
S0015,Ira Mehta,2006-06-24,F,B.Sc,2,Pune,ira.mehta15@example.com
S0016,Sara Reddy,2002-07-12,M,B.Sc,2,Delhi,sara.reddy16@example.com
S0017,Anika Reddy,2006-04-26,F,BA,4,Pune,anika.reddy17@example.com
S0018,Ishaan Gupta,2002-02-17,M,BA,3,Kolkata,ishaan.gupta18@example.com
S0019,Vihaan Rao,2006-11-16,M,BBA,1,Bengaluru,vihaan.rao19@example.com
S0020,Riya Verma,2007-09-11,M,B.Com,2,Vijayawada,riya.verma20@example.com
S0021,Ananya Verma,2007-12-13,M,BA,3,Mumbai,ananya.verma21@example.com
S0022,Aarav Reddy,2006-01-26,F,B.Sc,1,Chennai,aarav.reddy22@example.com
S0023,Meera Reddy,2002-12-17,F,B.Tech,2,Vijayawada,meera.reddy23@example.com
S0024,Sara Gupta,2003-11-08,F,BA,4,Chennai,sara.gupta24@example.com
S0025,Saanvi Iyer,2005-06-30,F,B.Com,4,Pune,saanvi.iyer25@example.com
S0026,Myra Reddy,2004-10-12,M,B.Tech,3,Hyderabad,myra.reddy26@example.com
S0027,Meera Gupta,2004-07-31,M,B.Tech,1,Hyderabad,meera.gupta27@example.com
S0028,Krishna Reddy,2002-05-09,F,B.Tech,2,Bengaluru,krishna.reddy28@example.com
S0029,Sara Iyer,2003-06-26,F,B.Sc,4,Delhi,sara.iyer29@example.com
S0030,Reyansh Reddy,2003-02-02,F,B.Com,4,Delhi,reyansh.reddy30@example.com
S0031,Myra Sharma,2003-02-08,M,BBA,3,Visakhapatnam,myra.sharma31@example.com
S0032,Krishna Iyer,2004-02-19,F,B.Sc,4,Vijayawada,krishna.iyer32@example.com
S0033,Ishaan Nair,2004-10-20,M,BBA,1,Hyderabad,ishaan.nair33@example.com
S0034,Saanvi Sharma,2003-01-18,M,B.Sc,4,Mumbai,saanvi.sharma34@example.com
S0035,Sara Iyer,2006-07-01,M,B.Sc,4,Hyderabad,sara.iyer35@example.com
S0036,Aadhya Rao,2007-02-07,F,BBA,4,Vijayawada,aadhya.rao36@example.com
S0037,Reyansh Rao,2004-06-10,M,BA,1,Kolkata,reyansh.rao37@example.com
S0038,Vivaan Sharma,2007-05-07,M,B.Tech,1,Vijayawada,vivaan.sharma38@example.com
S0039,Aditya Mehta,2002-10-06,M,BBA,1,Kochi,aditya.mehta39@example.com
S0040,Krishna Mehta,2002-06-12,M,BBA,3,Bengaluru,krishna.mehta40@example.com
S0041,Reyansh Das,2004-09-04,F,BBA,2,Bengaluru,reyansh.das41@example.com
S0042,Myra Das,2002-10-25,M,BBA,1,Visakhapatnam,myra.das42@example.com
S0043,Saanvi Iyer,2007-09-04,F,B.Sc,3,Visakhapatnam,saanvi.iyer43@example.com
S0044,Krishna Das,2005-03-13,M,BBA,3,Kochi,krishna.das44@example.com
S0045,Riya Sharma,2005-05-11,M,B.Sc,3,Visakhapatnam,riya.sharma45@example.com
S0046,Vihaan Gupta,2003-09-29,F,B.Com,2,Kolkata,vihaan.gupta46@example.com
S0047,Reyansh Rao,2007-09-02,F,B.Com,1,Visakhapatnam,reyansh.rao47@example.com
S0048,Ira Rao,2002-06-30,M,B.Com,2,Bengaluru,ira.rao48@example.com
S0049,Sai Nair,2006-10-18,M,B.Tech,1,Vijayawada,sai.nair49@example.com
S0050,Saanvi Sharma,2006-02-21,M,BBA,2,Hyderabad,saanvi.sharma50@example.com
S0051,Shaurya Das,2002-06-13,F,B.Sc,2,Visakhapatnam,shaurya.das51@example.com
S0052,Ananya Gupta,2006-07-23,M,B.Sc,2,Vijayawada,ananya.gupta52@example.com
S0053,Ira Sharma,2004-01-05,F,BBA,2,Bengaluru,ira.sharma53@example.com
S0054,Sai Reddy,2006-04-16,M,BBA,2,Chennai,sai.reddy54@example.com
S0055,Myra Das,2005-06-04,M,B.Sc,1,Chennai,myra.das55@example.com
S0056,Aadhya Das,2005-02-15,M,B.Com,3,Pune,aadhya.das56@example.com
S0057,Aadhya Gupta,2005-09-18,M,B.Tech,3,Vijayawada,aadhya.gupta57@example.com
S0058,Meera Rao,2002-06-06,M,BA,4,Kolkata,meera.rao58@example.com
S0059,Diya Singh,2007-09-26,M,BBA,2,Bengaluru,diya.singh59@example.com
S0060,Vivaan Singh,2002-01-07,M,B.Com,4,Visakhapatnam,vivaan.singh60@example.com
S0061,Diya Mehta,2005-07-09,M,B.Com,3,Delhi,diya.mehta61@example.com
S0062,Diya Singh,2005-04-26,M,B.Sc,4,Delhi,diya.singh62@example.com
S0063,Sai Mehta,2005-05-17,F,BA,1,Bengaluru,sai.mehta63@example.com
S0064,Shaurya Iyer,2006-10-27,F,BBA,4,Mumbai,shaurya.iyer64@example.com
S0065,Reyansh Gupta,2007-04-23,M,B.Tech,3,Pune,reyansh.gupta65@example.com
S0066,Anika Das,2003-01-18,M,B.Com,2,Chennai,anika.das66@example.com
S0067,Arjun Sharma,2002-07-09,M,BBA,1,Mumbai,arjun.sharma67@example.com
S0068,Ira Mehta,2004-03-07,F,BBA,4,Chennai,ira.mehta68@example.com
S0069,Arjun Sharma,2003-03-13,F,B.Sc,2,Pune,arjun.sharma69@example.com
S0070,Myra Sharma,2004-10-17,M,BBA,2,Mumbai,myra.sharma70@example.com
S0071,Riya Gupta,2005-07-23,F,BA,4,Pune,riya.gupta71@example.com
S0072,Myra Verma,2007-04-29,F,B.Com,2,Bengaluru,myra.verma72@example.com
S0073,Riya Nair,2004-09-06,F,BBA,1,Bengaluru,riya.nair73@example.com
S0074,Krishna Rao,2005-10-07,F,BA,1,Vijayawada,krishna.rao74@example.com
S0075,Arjun Iyer,2006-04-18,M,B.Sc,1,Delhi,arjun.iyer75@example.com
S0076,Ira Das,2007-03-24,F,B.Tech,2,Delhi,ira.das76@example.com
S0077,Aadhya Mehta,2002-03-22,F,BBA,1,Kolkata,aadhya.mehta77@example.com
S0078,Shaurya Singh,2006-09-13,M,BBA,2,Bengaluru,shaurya.singh78@example.com
S0079,Ira Nair,2002-04-29,F,B.Com,4,Vijayawada,ira.nair79@example.com
S0080,Myra Verma,2007-12-28,M,BBA,1,Visakhapatnam,myra.verma80@example.com
S0081,Ira Verma,2007-03-07,M,B.Tech,3,Delhi,ira.verma81@example.com
S0082,Diya Iyer,2007-02-06,F,B.Com,4,Bengaluru,diya.iyer82@example.com
S0083,Ira Rao,2002-12-02,F,B.Tech,1,Kolkata,ira.rao83@example.com
S0084,Krishna Reddy,2002-06-14,M,B.Sc,2,Hyderabad,krishna.reddy84@example.com
S0085,Anika Verma,2004-09-04,M,BBA,1,Kochi,anika.verma85@example.com
S0086,Reyansh Nair,2004-11-15,F,B.Sc,1,Vijayawada,reyansh.nair86@example.com
S0087,Shaurya Reddy,2002-04-16,F,BA,4,Delhi,shaurya.reddy87@example.com
S0088,Reyansh Reddy,2004-09-21,M,B.Com,1,Kochi,reyansh.reddy88@example.com
S0089,Vivaan Das,2007-12-23,F,B.Com,1,Pune,vivaan.das89@example.com
S0090,Diya Sharma,2006-09-17,F,B.Tech,4,Kolkata,diya.sharma90@example.com
S0091,Myra Verma,2006-11-19,M,BA,3,Kochi,myra.verma91@example.com
S0092,Saanvi Nair,2007-03-20,F,BA,3,Kolkata,saanvi.nair92@example.com
S0093,Krishna Reddy,2005-02-16,F,B.Sc,4,Kochi,krishna.reddy93@example.com
S0094,Anika Singh,2005-10-09,M,BBA,3,Vijayawada,anika.singh94@example.com
S0095,Sara Iyer,2005-12-24,F,B.Com,3,Kochi,sara.iyer95@example.com
S0096,Ishaan Gupta,2002-02-11,M,B.Tech,2,Delhi,ishaan.gupta96@example.com
S0097,Sara Gupta,2004-09-11,F,BBA,4,Hyderabad,sara.gupta97@example.com
S0098,Aditya Rao,2004-06-26,F,B.Sc,3,Kochi,aditya.rao98@example.com
S0099,Ananya Nair,2007-12-15,F,BBA,3,Kolkata,ananya.nair99@example.com
S0100,Myra Rao,2005-06-09,F,B.Sc,1,Chennai,myra.rao100@example.com
S0101,Diya Reddy,2004-01-29,M,B.Sc,4,Bengaluru,diya.reddy101@example.com
S0102,Meera Gupta,2005-03-05,M,B.Sc,3,Chennai,meera.gupta102@example.com
S0103,Ananya Verma,2005-05-23,M,BA,2,Bengaluru,ananya.verma103@example.com
S0104,Vivaan Sharma,2005-04-11,M,BBA,1,Hyderabad,vivaan.sharma104@example.com
S0105,Meera Rao,2007-04-07,F,BBA,3,Vijayawada,meera.rao105@example.com
S0106,Vivaan Rao,2007-05-11,M,B.Tech,4,Mumbai,vivaan.rao106@example.com
S0107,Aditya Mehta,2002-08-08,M,B.Sc,3,Visakhapatnam,aditya.mehta107@example.com
S0108,Krishna Reddy,2006-09-01,M,BA,4,Mumbai,krishna.reddy108@example.com
S0109,Myra Rao,2006-10-23,F,BA,1,Kochi,myra.rao109@example.com
S0110,Vihaan Iyer,2004-05-14,F,B.Tech,2,Chennai,vihaan.iyer110@example.com
S0111,Sai Gupta,2002-11-04,M,B.Tech,4,Mumbai,sai.gupta111@example.com
S0112,Anika Nair,2005-04-07,M,B.Sc,3,Bengaluru,anika.nair112@example.com
S0113,Myra Reddy,2004-08-14,F,BA,2,Delhi,myra.reddy113@example.com
S0114,Vihaan Gupta,2004-07-09,M,B.Com,2,Visakhapatnam,vihaan.gupta114@example.com
S0115,Vivaan Verma,2005-06-13,F,BBA,1,Mumbai,vivaan.verma115@example.com
S0116,Shaurya Singh,2005-01-20,F,BBA,1,Kochi,shaurya.singh116@example.com
S0117,Vivaan Singh,2005-08-13,F,B.Tech,1,Chennai,vivaan.singh117@example.com
S0118,Meera Mehta,2002-03-26,F,BA,1,Vijayawada,meera.mehta118@example.com
S0119,Sara Gupta,2006-12-17,F,B.Sc,4,Mumbai,sara.gupta119@example.com
S0120,Aditya Nair,2005-11-26,F,B.Com,3,Visakhapatnam,aditya.nair120@example.com
S0121,Sai Das,2006-08-14,F,B.Com,4,Pune,sai.das121@example.com
S0122,Vivaan Nair,2002-12-27,F,B.Com,3,Visakhapatnam,vivaan.nair122@example.com
S0123,Aadhya Gupta,2002-01-05,F,BBA,1,Chennai,aadhya.gupta123@example.com
S0124,Riya Das,2007-08-04,F,B.Tech,2,Bengaluru,riya.das124@example.com
S0125,Saanvi Verma,2005-03-25,F,BBA,1,Hyderabad,saanvi.verma125@example.com
S0126,Anika Iyer,2003-10-11,F,BA,1,Pune,anika.iyer126@example.com
S0127,Ira Reddy,2004-07-09,M,BBA,1,Vijayawada,ira.reddy127@example.com
S0128,Sara Rao,2007-09-16,F,BBA,4,Mumbai,sara.rao128@example.com
S0129,Krishna Nair,2003-08-16,F,B.Sc,2,Visakhapatnam,krishna.nair129@example.com
S0130,Ishaan Singh,2005-10-24,F,B.Tech,3,Bengaluru,ishaan.singh130@example.com
S0131,Meera Mehta,2007-06-29,M,BBA,4,Kolkata,meera.mehta131@example.com
S0132,Diya Gupta,2006-03-26,F,B.Com,2,Chennai,diya.gupta132@example.com
S0133,Meera Singh,2004-08-14,F,B.Tech,3,Mumbai,meera.singh133@example.com
S0134,Aadhya Singh,2003-09-16,F,B.Tech,2,Pune,aadhya.singh134@example.com
S0135,Meera Das,2003-02-16,F,B.Tech,4,Hyderabad,meera.das135@example.com
S0136,Arjun Singh,2003-09-25,M,BBA,3,Kolkata,arjun.singh136@example.com
S0137,Anika Singh,2002-11-25,F,BA,4,Kolkata,anika.singh137@example.com
S0138,Sara Gupta,2002-05-28,M,B.Sc,3,Chennai,sara.gupta138@example.com
S0139,Aditya Singh,2003-02-08,M,BBA,2,Bengaluru,aditya.singh139@example.com
S0140,Aarav Sharma,2005-08-21,M,B.Com,3,Kolkata,aarav.sharma140@example.com
S0141,Ira Verma,2004-09-27,F,BA,2,Vijayawada,ira.verma141@example.com
S0142,Sai Reddy,2006-04-16,M,BBA,2,Chennai,sai.reddy142@example.com
S0143,Myra Rao,2007-02-26,F,B.Tech,4,Bengaluru,myra.rao143@example.com
S0144,Saanvi Verma,2002-10-30,F,B.Com,3,Delhi,saanvi.verma144@example.com
S0145,Ishaan Nair,2005-05-22,M,BBA,4,Visakhapatnam,ishaan.nair145@example.com
S0146,Krishna Singh,2006-01-10,F,B.Com,1,Delhi,krishna.singh146@example.com
S0147,Ishaan Sharma,2002-07-20,F,B.Com,2,Kochi,ishaan.sharma147@example.com
S0148,Ananya Iyer,2004-02-18,F,B.Sc,1,Hyderabad,ananya.iyer148@example.com
S0149,Shaurya Nair,2002-05-17,F,B.Sc,1,Bengaluru,shaurya.nair149@example.com
S0150,Diya Singh,2003-12-21,M,B.Sc,3,Pune,diya.singh150@example.com
S0151,Riya Rao,2003-11-05,F,BBA,3,Kolkata,riya.rao151@example.com
S0152,Vihaan Nair,2002-11-05,M,B.Sc,4,Pune,vihaan.nair152@example.com
S0153,Ananya Reddy,2006-06-05,M,B.Com,1,Mumbai,ananya.reddy153@example.com
S0154,Ananya Rao,2006-04-10,F,B.Tech,2,Mumbai,ananya.rao154@example.com
S0155,Aarav Mehta,2005-09-05,M,B.Tech,4,Bengaluru,aarav.mehta155@example.com
S0156,Ira Reddy,2003-07-27,M,B.Tech,3,Mumbai,ira.reddy156@example.com
S0157,Vihaan Reddy,2004-08-19,M,BBA,4,Kolkata,vihaan.reddy157@example.com
S0158,Saanvi Singh,2003-09-25,F,B.Tech,4,Kochi,saanvi.singh158@example.com
S0159,Ira Rao,2002-05-15,F,B.Sc,4,Mumbai,ira.rao159@example.com
S0160,Krishna Das,2003-02-11,F,BA,3,Hyderabad,krishna.das160@example.com
S0161,Aadhya Rao,2004-02-17,M,BBA,1,Chennai,aadhya.rao161@example.com
S0162,Anika Sharma,2002-07-27,F,B.Sc,2,Kochi,anika.sharma162@example.com
S0163,Reyansh Reddy,2004-04-28,M,B.Sc,3,Vijayawada,reyansh.reddy163@example.com
S0164,Anika Sharma,2005-02-09,M,B.Sc,3,Vijayawada,anika.sharma164@example.com
S0165,Vihaan Sharma,2003-06-24,M,B.Com,2,Kochi,vihaan.sharma165@example.com
S0166,Diya Sharma,2003-12-15,F,B.Tech,2,Delhi,diya.sharma166@example.com
S0167,Riya Reddy,2002-09-18,F,BBA,3,Pune,riya.reddy167@example.com
S0168,Meera Reddy,2007-01-26,M,BA,1,Pune,meera.reddy168@example.com
S0169,Shaurya Nair,2002-05-08,M,BBA,4,Delhi,shaurya.nair169@example.com
S0170,Vihaan Nair,2006-12-22,M,B.Tech,3,Kochi,vihaan.nair170@example.com
S0171,Arjun Reddy,2003-06-01,F,BA,3,Delhi,arjun.reddy171@example.com
S0172,Anika Gupta,2005-04-22,F,BA,4,Visakhapatnam,anika.gupta172@example.com
S0173,Vihaan Gupta,2004-05-30,F,BBA,2,Delhi,vihaan.gupta173@example.com
S0174,Diya Nair,2006-06-22,F,B.Tech,3,Delhi,diya.nair174@example.com
S0175,Diya Rao,2006-03-14,M,BBA,1,Visakhapatnam,diya.rao175@example.com
S0176,Aditya Reddy,2006-11-04,M,B.Com,2,Pune,aditya.reddy176@example.com
S0177,Vivaan Mehta,2005-09-12,M,BBA,3,Delhi,vivaan.mehta177@example.com
S0178,Vivaan Rao,2005-07-03,F,B.Tech,2,Vijayawada,vivaan.rao178@example.com
S0179,Sara Iyer,2003-03-20,F,BA,3,Visakhapatnam,sara.iyer179@example.com
S0180,Ishaan Mehta,2004-07-15,F,BA,1,Kochi,ishaan.mehta180@example.com
S0181,Ishaan Sharma,2004-01-09,F,B.Com,3,Kolkata,ishaan.sharma181@example.com
S0182,Aarav Verma,2003-08-10,F,B.Tech,2,Hyderabad,aarav.verma182@example.com
S0183,Aditya Gupta,2004-05-31,F,BBA,4,Kolkata,aditya.gupta183@example.com
S0184,Sai Das,2005-06-30,F,BA,1,Hyderabad,sai.das184@example.com
S0185,Arjun Verma,2002-07-23,M,B.Com,4,Delhi,arjun.verma185@example.com
S0186,Sara Mehta,2006-12-16,F,B.Com,2,Pune,sara.mehta186@example.com
S0187,Vihaan Das,2006-10-27,M,B.Com,4,Pune,vihaan.das187@example.com
S0188,Shaurya Sharma,2004-06-22,F,BA,1,Hyderabad,shaurya.sharma188@example.com
S0189,Reyansh Rao,2004-05-15,M,B.Com,3,Kolkata,reyansh.rao189@example.com
S0190,Vihaan Sharma,2007-07-31,F,B.Sc,2,Delhi,vihaan.sharma190@example.com
S0191,Saanvi Iyer,2007-08-12,F,B.Tech,4,Hyderabad,saanvi.iyer191@example.com
S0192,Ira Sharma,2007-02-27,M,B.Com,4,Kochi,ira.sharma192@example.com
S0193,Aadhya Singh,2005-03-31,M,BBA,1,Kolkata,aadhya.singh193@example.com
S0194,Sai Mehta,2007-02-28,F,B.Tech,4,Visakhapatnam,sai.mehta194@example.com
S0195,Krishna Singh,2006-06-29,M,BBA,3,Kolkata,krishna.singh195@example.com
S0196,Krishna Das,2003-11-20,M,BA,1,Pune,krishna.das196@example.com
S0197,Riya Iyer,2005-12-02,F,B.Sc,2,Visakhapatnam,riya.iyer197@example.com
S0198,Arjun Rao,2004-03-19,M,BA,2,Visakhapatnam,arjun.rao198@example.com
S0199,Sai Nair,2007-03-16,F,BA,3,Kolkata,sai.nair199@example.com
S0200,Arjun Nair,2002-10-07,F,BBA,3,Bengaluru,arjun.nair200@example.com
S0201,Meera Sharma,2005-12-12,M,B.Com,4,Mumbai,meera.sharma201@example.com
S0202,Vivaan Sharma,2006-02-19,F,B.Tech,1,Kochi,vivaan.sharma202@example.com
S0203,Anika Gupta,2006-04-24,F,BA,1,Mumbai,anika.gupta203@example.com
S0204,Meera Iyer,2005-08-09,F,BA,2,Hyderabad,meera.iyer204@example.com
S0205,Myra Reddy,2005-11-07,M,BA,2,Hyderabad,myra.reddy205@example.com
S0206,Krishna Nair,2006-12-05,M,B.Com,3,Bengaluru,krishna.nair206@example.com
S0207,Aadhya Singh,2005-10-17,M,B.Com,1,Kolkata,aadhya.singh207@example.com
S0208,Vihaan Gupta,2006-05-03,F,B.Com,2,Kolkata,vihaan.gupta208@example.com
S0209,Aditya Mehta,2003-08-03,F,B.Com,4,Vijayawada,aditya.mehta209@example.com
S0210,Anika Reddy,2005-06-22,F,B.Com,2,Pune,anika.reddy210@example.com
S0211,Aditya Singh,2007-09-14,F,B.Tech,3,Bengaluru,aditya.singh211@example.com
S0212,Sai Iyer,2005-10-31,F,B.Sc,2,Vijayawada,sai.iyer212@example.com
S0213,Arjun Reddy,2005-04-26,M,BA,1,Kolkata,arjun.reddy213@example.com
S0214,Anika Verma,2006-03-24,M,B.Sc,2,Kochi,anika.verma214@example.com
S0215,Sai Nair,2002-06-28,F,B.Com,2,Mumbai,sai.nair215@example.com
S0216,Anika Rao,2007-01-13,M,BA,2,Bengaluru,anika.rao216@example.com
S0217,Sara Iyer,2006-02-15,F,BBA,3,Delhi,sara.iyer217@example.com
S0218,Riya Gupta,2006-09-11,M,B.Sc,2,Bengaluru,riya.gupta218@example.com
S0219,Vivaan Nair,2006-03-01,M,BA,1,Bengaluru,vivaan.nair219@example.com
S0220,Aditya Verma,2005-01-22,F,BA,2,Delhi,aditya.verma220@example.com
S0221,Aditya Iyer,2007-01-22,F,B.Tech,4,Hyderabad,aditya.iyer221@example.com
S0222,Aadhya Gupta,2006-03-12,M,BBA,1,Kolkata,aadhya.gupta222@example.com
S0223,Krishna Sharma,2005-07-29,M,B.Com,2,Vijayawada,krishna.sharma223@example.com
S0224,Vivaan Rao,2007-04-20,M,BBA,4,Kochi,vivaan.rao224@example.com
S0225,Aarav Reddy,2002-03-19,F,B.Sc,2,Pune,aarav.reddy225@example.com
S0226,Anika Gupta,2006-09-30,M,B.Com,2,Bengaluru,anika.gupta226@example.com
S0227,Vihaan Sharma,2004-09-03,F,BA,4,Visakhapatnam,vihaan.sharma227@example.com
S0228,Vihaan Nair,2002-03-09,M,B.Sc,3,Delhi,vihaan.nair228@example.com
S0229,Aarav Mehta,2005-12-16,M,BA,4,Vijayawada,aarav.mehta229@example.com
S0230,Aditya Gupta,2006-01-17,M,BA,1,Delhi,aditya.gupta230@example.com
S0231,Sara Sharma,2006-05-04,F,B.Com,1,Kolkata,sara.sharma231@example.com
S0232,Aditya Das,2004-09-14,M,BA,3,Vijayawada,aditya.das232@example.com
S0233,Vivaan Das,2005-10-18,M,BBA,4,Vijayawada,vivaan.das233@example.com
S0234,Arjun Reddy,2007-02-18,M,B.Com,2,Hyderabad,arjun.reddy234@example.com
S0235,Reyansh Sharma,2005-07-16,F,BA,4,Pune,reyansh.sharma235@example.com
S0236,Sara Rao,2002-05-30,M,B.Com,3,Hyderabad,sara.rao236@example.com
S0237,Diya Rao,2003-05-25,F,BBA,4,Mumbai,diya.rao237@example.com
S0238,Aadhya Das,2004-02-05,F,BBA,3,Pune,aadhya.das238@example.com
S0239,Ishaan Reddy,2006-10-05,M,BBA,2,Pune,ishaan.reddy239@example.com
S0240,Shaurya Das,2003-02-25,M,B.Com,3,Bengaluru,shaurya.das240@example.com
S0241,Myra Mehta,2006-10-12,M,BBA,3,Mumbai,myra.mehta241@example.com
S0242,Vivaan Das,2006-11-17,F,B.Tech,1,Delhi,vivaan.das242@example.com
S0243,Ananya Gupta,2003-10-18,M,B.Sc,4,Hyderabad,ananya.gupta243@example.com
S0244,Arjun Reddy,2004-08-24,F,B.Com,4,Kochi,arjun.reddy244@example.com
S0245,Vivaan Mehta,2003-09-21,F,B.Com,3,Mumbai,vivaan.mehta245@example.com
S0246,Aditya Mehta,2003-07-18,F,BBA,3,Bengaluru,aditya.mehta246@example.com
S0247,Krishna Reddy,2002-04-17,M,BBA,4,Pune,krishna.reddy247@example.com
S0248,Vihaan Rao,2004-12-02,F,B.Sc,3,Mumbai,vihaan.rao248@example.com
S0249,Reyansh Reddy,2003-07-10,M,BBA,2,Mumbai,reyansh.reddy249@example.com
S0250,Aditya Das,2005-11-24,M,BA,3,Bengaluru,aditya.das250@example.com
S0251,Sai Verma,2006-01-20,M,B.Tech,2,Vijayawada,sai.verma251@example.com
S0252,Krishna Nair,2002-04-18,F,BA,3,Mumbai,krishna.nair252@example.com
S0253,Saanvi Verma,2002-12-20,M,B.Com,4,Mumbai,saanvi.verma253@example.com
S0254,Riya Singh,2006-08-05,M,B.Sc,3,Visakhapatnam,riya.singh254@example.com
S0255,Myra Nair,2007-10-21,F,B.Sc,2,Vijayawada,myra.nair255@example.com
S0256,Ira Gupta,2002-08-15,M,BA,2,Bengaluru,ira.gupta256@example.com
S0257,Sai Verma,2005-08-14,M,B.Com,3,Visakhapatnam,sai.verma257@example.com
S0258,Ishaan Iyer,2005-01-29,M,B.Com,1,Pune,ishaan.iyer258@example.com
S0259,Sai Mehta,2003-09-24,M,BA,3,Kochi,sai.mehta259@example.com
S0260,Vivaan Sharma,2002-11-29,M,BA,3,Chennai,vivaan.sharma260@example.com
S0261,Meera Singh,2002-05-05,F,BA,3,Bengaluru,meera.singh261@example.com
S0262,Sara Iyer,2006-07-22,F,BBA,1,Hyderabad,sara.iyer262@example.com
S0263,Sai Nair,2006-08-30,F,BBA,2,Kolkata,sai.nair263@example.com
S0264,Anika Verma,2005-07-04,F,B.Com,4,Vijayawada,anika.verma264@example.com
S0265,Ananya Gupta,2003-03-11,F,B.Sc,4,Visakhapatnam,ananya.gupta265@example.com
S0266,Ishaan Nair,2004-10-12,M,B.Tech,1,Bengaluru,ishaan.nair266@example.com
S0267,Aadhya Mehta,2006-09-09,M,B.Sc,3,Kochi,aadhya.mehta267@example.com
S0268,Diya Iyer,2003-10-15,F,BA,4,Mumbai,diya.iyer268@example.com
S0269,Shaurya Nair,2002-04-05,M,BBA,4,Chennai,shaurya.nair269@example.com
S0270,Reyansh Mehta,2005-12-16,M,B.Tech,3,Mumbai,reyansh.mehta270@example.com
S0271,Anika Nair,2005-03-16,M,B.Tech,4,Vijayawada,anika.nair271@example.com
S0272,Ishaan Das,2006-07-10,F,B.Tech,4,Hyderabad,ishaan.das272@example.com
S0273,Meera Gupta,2004-03-08,F,BA,3,Visakhapatnam,meera.gupta273@example.com
S0274,Aadhya Gupta,2007-01-19,F,BA,1,Vijayawada,aadhya.gupta274@example.com
S0275,Vihaan Singh,2006-03-09,F,BA,3,Vijayawada,vihaan.singh275@example.com
S0276,Reyansh Mehta,2007-09-17,F,BA,1,Hyderabad,reyansh.mehta276@example.com
S0277,Vivaan Verma,2005-09-26,F,BA,4,Vijayawada,vivaan.verma277@example.com
S0278,Anika Gupta,2003-07-27,F,BA,3,Vijayawada,anika.gupta278@example.com
S0279,Aadhya Mehta,2005-05-10,F,BA,4,Kochi,aadhya.mehta279@example.com
S0280,Shaurya Nair,2002-03-10,F,B.Com,1,Delhi,shaurya.nair280@example.com
S0281,Meera Rao,2002-04-20,F,B.Com,2,Hyderabad,meera.rao281@example.com
S0282,Meera Nair,2003-11-30,F,B.Sc,2,Hyderabad,meera.nair282@example.com
S0283,Meera Reddy,2004-02-21,M,BBA,3,Delhi,meera.reddy283@example.com
S0284,Arjun Singh,2004-04-15,F,BA,4,Hyderabad,arjun.singh284@example.com
S0285,Arjun Gupta,2004-04-29,F,BBA,4,Kolkata,arjun.gupta285@example.com
S0286,Sai Nair,2007-12-24,F,BA,3,Bengaluru,sai.nair286@example.com
S0287,Anika Nair,2004-02-27,M,B.Com,3,Chennai,anika.nair287@example.com
S0288,Shaurya Rao,2004-04-29,F,B.Com,4,Kolkata,shaurya.rao288@example.com
S0289,Saanvi Rao,2005-03-24,M,BA,4,Delhi,saanvi.rao289@example.com
S0290,Ananya Verma,2005-04-04,M,B.Com,1,Kolkata,ananya.verma290@example.com
S0291,Myra Rao,2007-05-17,M,B.Sc,3,Pune,myra.rao291@example.com
S0292,Ishaan Verma,2003-03-24,M,B.Sc,1,Pune,ishaan.verma292@example.com
S0293,Krishna Iyer,2002-08-04,M,BBA,3,Mumbai,krishna.iyer293@example.com
S0294,Vihaan Verma,2002-01-22,M,BBA,4,Mumbai,vihaan.verma294@example.com
S0295,Reyansh Rao,2005-08-08,F,B.Tech,1,Kochi,reyansh.rao295@example.com
S0296,Krishna Gupta,2002-06-02,M,BBA,2,Hyderabad,krishna.gupta296@example.com
S0297,Aadhya Nair,2004-02-03,F,B.Tech,1,Bengaluru,aadhya.nair297@example.com
S0298,Meera Mehta,2003-03-16,F,B.Com,4,Pune,meera.mehta298@example.com
S0299,Riya Nair,2003-07-04,F,B.Com,2,Visakhapatnam,riya.nair299@example.com
S0300,Diya Verma,2007-02-23,F,B.Sc,1,Kolkata,diya.verma300@example.com
S0301,Shaurya Mehta,2004-03-02,M,BA,4,Delhi,shaurya.mehta301@example.com
S0302,Riya Das,2002-12-22,F,B.Tech,2,Vijayawada,riya.das302@example.com
S0303,Sara Das,2004-10-13,M,B.Com,4,Chennai,sara.das303@example.com
S0304,Myra Rao,2005-09-12,F,BA,1,Bengaluru,myra.rao304@example.com
S0305,Ananya Iyer,2002-09-12,M,BBA,3,Vijayawada,ananya.iyer305@example.com
S0306,Aadhya Gupta,2005-06-27,M,B.Com,3,Kochi,aadhya.gupta306@example.com
S0307,Krishna Iyer,2003-07-02,F,B.Sc,4,Kochi,krishna.iyer307@example.com
S0308,Ananya Singh,2007-04-13,M,B.Sc,1,Pune,ananya.singh308@example.com
S0309,Myra Gupta,2006-01-21,M,BA,1,Hyderabad,myra.gupta309@example.com
S0310,Saanvi Gupta,2004-04-08,M,B.Sc,3,Pune,saanvi.gupta310@example.com
S0311,Myra Reddy,2004-04-21,F,B.Tech,4,Hyderabad,myra.reddy311@example.com
S0312,Myra Verma,2007-10-04,F,BBA,1,Pune,myra.verma312@example.com
S0313,Myra Rao,2002-03-31,F,B.Com,1,Chennai,myra.rao313@example.com
S0314,Meera Reddy,2002-07-05,F,B.Com,1,Pune,meera.reddy314@example.com
S0315,Vivaan Reddy,2007-04-18,M,B.Com,4,Vijayawada,vivaan.reddy315@example.com
S0316,Arjun Singh,2006-03-14,F,BBA,4,Delhi,arjun.singh316@example.com
S0317,Aditya Gupta,2003-06-29,F,B.Tech,2,Pune,aditya.gupta317@example.com
S0318,Aadhya Gupta,2003-06-06,M,B.Tech,1,Bengaluru,aadhya.gupta318@example.com
S0319,Myra Gupta,2006-10-04,F,B.Sc,2,Mumbai,myra.gupta319@example.com
S0320,Ananya Verma,2005-02-03,M,B.Tech,1,Delhi,ananya.verma320@example.com
S0321,Anika Sharma,2004-09-12,M,B.Tech,1,Kochi,anika.sharma321@example.com
S0322,Vivaan Nair,2002-07-19,M,B.Tech,4,Mumbai,vivaan.nair322@example.com
S0323,Krishna Gupta,2004-06-08,M,B.Sc,3,Chennai,krishna.gupta323@example.com
S0324,Meera Das,2005-08-06,M,B.Com,2,Pune,meera.das324@example.com
S0325,Krishna Singh,2005-05-15,F,B.Tech,2,Delhi,krishna.singh325@example.com
S0326,Saanvi Nair,2002-07-12,F,BBA,3,Delhi,saanvi.nair326@example.com
S0327,Ira Verma,2005-05-13,F,B.Sc,4,Chennai,ira.verma327@example.com
S0328,Krishna Rao,2003-08-15,F,B.Tech,4,Delhi,krishna.rao328@example.com
S0329,Saanvi Gupta,2003-07-04,F,B.Sc,3,Chennai,saanvi.gupta329@example.com
S0330,Diya Reddy,2007-01-17,F,B.Tech,2,Hyderabad,diya.reddy330@example.com
S0331,Ishaan Singh,2002-06-11,M,B.Sc,2,Mumbai,ishaan.singh331@example.com
S0332,Reyansh Das,2005-05-26,M,B.Sc,2,Visakhapatnam,reyansh.das332@example.com
S0333,Sara Iyer,2004-04-17,F,B.Sc,3,Bengaluru,sara.iyer333@example.com
S0334,Aadhya Nair,2007-12-26,F,B.Com,3,Kolkata,aadhya.nair334@example.com
S0335,Riya Nair,2007-03-24,M,BBA,3,Chennai,riya.nair335@example.com
S0336,Ananya Das,2006-08-23,M,BA,2,Vijayawada,ananya.das336@example.com
S0337,Aarav Rao,2006-09-07,F,B.Sc,2,Kolkata,aarav.rao337@example.com
S0338,Krishna Singh,2004-10-03,F,BA,3,Bengaluru,krishna.singh338@example.com
S0339,Sara Nair,2007-03-03,M,B.Com,2,Vijayawada,sara.nair339@example.com
S0340,Saanvi Nair,2004-01-24,M,BA,1,Visakhapatnam,saanvi.nair340@example.com
S0341,Vivaan Sharma,2006-08-17,M,B.Sc,1,Vijayawada,vivaan.sharma341@example.com
S0342,Aarav Iyer,2007-09-03,F,B.Com,1,Kochi,aarav.iyer342@example.com
S0343,Anika Nair,2007-06-22,M,B.Tech,4,Hyderabad,anika.nair343@example.com
S0344,Aarav Gupta,2005-01-30,F,B.Tech,4,Vijayawada,aarav.gupta344@example.com
S0345,Vihaan Reddy,2007-11-18,M,B.Sc,2,Kochi,vihaan.reddy345@example.com
S0346,Riya Rao,2005-12-22,F,BBA,1,Kolkata,riya.rao346@example.com
S0347,Aadhya Nair,2004-09-23,M,B.Com,1,Hyderabad,aadhya.nair347@example.com
S0348,Aditya Singh,2006-04-03,F,BA,4,Hyderabad,aditya.singh348@example.com
S0349,Aarav Verma,2002-12-05,F,BBA,3,Kochi,aarav.verma349@example.com
S0350,Vihaan Gupta,2002-06-24,M,B.Sc,4,Bengaluru,vihaan.gupta350@example.com
S0351,Vivaan Reddy,2005-02-22,M,B.Sc,3,Hyderabad,vivaan.reddy351@example.com
S0352,Reyansh Mehta,2003-08-14,F,B.Tech,3,Vijayawada,reyansh.mehta352@example.com
S0353,Meera Iyer,2006-05-13,F,BBA,2,Visakhapatnam,meera.iyer353@example.com
S0354,Riya Das,2002-08-08,M,BBA,2,Visakhapatnam,riya.das354@example.com
S0355,Diya Mehta,2006-06-13,F,B.Tech,3,Mumbai,diya.mehta355@example.com
S0356,Sara Iyer,2005-12-28,F,BBA,2,Kochi,sara.iyer356@example.com
S0357,Aadhya Reddy,2005-04-24,M,B.Tech,1,Bengaluru,aadhya.reddy357@example.com
S0358,Arjun Singh,2003-09-24,F,B.Com,3,Visakhapatnam,arjun.singh358@example.com
S0359,Aditya Sharma,2005-06-16,F,B.Com,3,Visakhapatnam,aditya.sharma359@example.com
S0360,Arjun Reddy,2004-02-07,F,BBA,4,Visakhapatnam,arjun.reddy360@example.com
S0361,Aarav Reddy,2005-12-20,M,BA,3,Delhi,aarav.reddy361@example.com
S0362,Aarav Rao,2006-08-22,F,B.Tech,2,Kochi,aarav.rao362@example.com
S0363,Riya Verma,2006-04-09,M,B.Sc,3,Bengaluru,riya.verma363@example.com
S0364,Ishaan Nair,2003-08-21,M,B.Sc,4,Bengaluru,ishaan.nair364@example.com
S0365,Ira Rao,2007-06-07,M,B.Com,3,Chennai,ira.rao365@example.com
S0366,Sara Mehta,2004-03-11,F,B.Tech,2,Bengaluru,sara.mehta366@example.com
S0367,Aarav Singh,2005-09-22,F,B.Com,4,Kolkata,aarav.singh367@example.com
S0368,Ira Mehta,2003-07-12,F,B.Com,2,Mumbai,ira.mehta368@example.com
S0369,Diya Verma,2006-06-20,F,B.Com,4,Kochi,diya.verma369@example.com
S0370,Krishna Das,2006-03-21,F,BBA,3,Visakhapatnam,krishna.das370@example.com
S0371,Meera Iyer,2004-01-07,M,BBA,2,Mumbai,meera.iyer371@example.com
S0372,Shaurya Reddy,2006-08-03,F,B.Sc,3,Chennai,shaurya.reddy372@example.com
S0373,Ishaan Verma,2006-09-30,F,B.Tech,4,Kochi,ishaan.verma373@example.com
S0374,Sara Mehta,2006-06-30,F,BA,1,Kolkata,sara.mehta374@example.com
S0375,Saanvi Mehta,2002-12-15,M,B.Sc,3,Vijayawada,saanvi.mehta375@example.com
S0376,Anika Sharma,2006-06-25,F,BBA,1,Hyderabad,anika.sharma376@example.com
S0377,Vihaan Rao,2004-06-28,M,BBA,3,Delhi,vihaan.rao377@example.com
S0378,Myra Mehta,2007-08-12,M,B.Com,1,Mumbai,myra.mehta378@example.com
S0379,Vihaan Rao,2006-08-31,M,B.Tech,2,Kolkata,vihaan.rao379@example.com
S0380,Shaurya Das,2007-02-09,M,BA,4,Kolkata,shaurya.das380@example.com
S0381,Sara Reddy,2006-11-30,F,B.Com,1,Bengaluru,sara.reddy381@example.com
S0382,Vivaan Reddy,2002-04-03,F,B.Tech,2,Chennai,vivaan.reddy382@example.com
S0383,Riya Verma,2003-10-18,F,BA,4,Mumbai,riya.verma383@example.com
S0384,Krishna Singh,2004-01-26,M,BBA,4,Hyderabad,krishna.singh384@example.com
S0385,Anika Iyer,2007-01-16,F,BBA,1,Chennai,anika.iyer385@example.com
S0386,Reyansh Rao,2002-09-14,M,BA,2,Kolkata,reyansh.rao386@example.com
S0387,Diya Iyer,2007-02-18,M,B.Com,4,Pune,diya.iyer387@example.com
S0388,Diya Mehta,2006-05-11,F,BA,1,Kolkata,diya.mehta388@example.com
S0389,Ananya Nair,2003-12-08,F,BA,1,Vijayawada,ananya.nair389@example.com
S0390,Diya Reddy,2004-09-04,F,B.Tech,2,Kolkata,diya.reddy390@example.com
S0391,Arjun Gupta,2006-05-11,F,BA,2,Kochi,arjun.gupta391@example.com
S0392,Aadhya Singh,2004-01-31,F,BA,2,Pune,aadhya.singh392@example.com
S0393,Sai Nair,2005-03-29,M,B.Sc,3,Mumbai,sai.nair393@example.com
S0394,Anika Sharma,2006-01-10,M,BBA,2,Chennai,anika.sharma394@example.com
S0395,Aadhya Gupta,2007-09-02,F,BBA,4,Delhi,aadhya.gupta395@example.com
S0396,Myra Nair,2003-11-17,M,BA,1,Chennai,myra.nair396@example.com
S0397,Shaurya Sharma,2005-01-30,M,BA,3,Vijayawada,shaurya.sharma397@example.com
S0398,Myra Mehta,2007-07-22,M,BA,1,Bengaluru,myra.mehta398@example.com
S0399,Saanvi Das,2002-06-20,F,BA,2,Delhi,saanvi.das399@example.com
S0400,Vihaan Iyer,2005-05-04,M,BBA,3,Kolkata,vihaan.iyer400@example.com
S0401,Aditya Nair,2003-04-26,M,B.Sc,3,Kochi,aditya.nair401@example.com
S0402,Ira Verma,2003-07-25,M,B.Sc,1,Kochi,ira.verma402@example.com
S0403,Ananya Gupta,2005-02-25,M,B.Com,3,Bengaluru,ananya.gupta403@example.com
S0404,Meera Rao,2007-10-09,M,B.Sc,4,Hyderabad,meera.rao404@example.com
S0405,Ishaan Verma,2003-06-28,M,B.Sc,3,Chennai,ishaan.verma405@example.com
S0406,Aadhya Nair,2003-08-06,F,BBA,4,Mumbai,aadhya.nair406@example.com
S0407,Aditya Reddy,2006-07-09,F,B.Com,4,Mumbai,aditya.reddy407@example.com
S0408,Diya Mehta,2002-01-11,M,BBA,3,Visakhapatnam,diya.mehta408@example.com
S0409,Saanvi Singh,2004-06-11,F,B.Sc,4,Bengaluru,saanvi.singh409@example.com
S0410,Diya Rao,2005-10-15,M,BA,4,Kolkata,diya.rao410@example.com
S0411,Vivaan Sharma,2003-02-12,F,B.Tech,1,Vijayawada,vivaan.sharma411@example.com
S0412,Myra Nair,2002-01-03,F,B.Sc,2,Bengaluru,myra.nair412@example.com
S0413,Sai Rao,2003-01-18,F,B.Com,1,Kolkata,sai.rao413@example.com
S0414,Sai Sharma,2006-06-12,F,B.Sc,4,Visakhapatnam,sai.sharma414@example.com
S0415,Vihaan Sharma,2004-05-24,F,B.Tech,2,Kochi,vihaan.sharma415@example.com
S0416,Krishna Gupta,2006-12-28,M,B.Tech,3,Visakhapatnam,krishna.gupta416@example.com
S0417,Ira Verma,2007-05-11,M,B.Sc,4,Visakhapatnam,ira.verma417@example.com
S0418,Vihaan Reddy,2005-07-07,F,B.Com,2,Delhi,vihaan.reddy418@example.com
S0419,Arjun Verma,2002-10-08,M,BA,2,Mumbai,arjun.verma419@example.com
S0420,Ananya Iyer,2003-09-13,F,BA,4,Chennai,ananya.iyer420@example.com
S0421,Aditya Reddy,2003-07-28,M,BA,4,Kolkata,aditya.reddy421@example.com
S0422,Ira Das,2003-07-27,M,B.Com,1,Chennai,ira.das422@example.com
S0423,Saanvi Mehta,2005-03-13,M,B.Com,2,Pune,saanvi.mehta423@example.com
S0424,Anika Gupta,2004-02-12,F,B.Com,1,Chennai,anika.gupta424@example.com
S0425,Sara Singh,2003-04-07,M,BBA,1,Pune,sara.singh425@example.com
S0426,Aarav Das,2005-07-20,M,BBA,4,Kolkata,aarav.das426@example.com
S0427,Saanvi Verma,2007-04-14,M,B.Tech,1,Hyderabad,saanvi.verma427@example.com
S0428,Ishaan Iyer,2002-06-13,M,BBA,3,Pune,ishaan.iyer428@example.com
S0429,Ira Singh,2006-07-06,M,BA,2,Bengaluru,ira.singh429@example.com
S0430,Aditya Rao,2002-11-20,M,B.Sc,3,Delhi,aditya.rao430@example.com
S0431,Meera Reddy,2005-06-24,F,B.Sc,1,Chennai,meera.reddy431@example.com
S0432,Aditya Singh,2003-04-21,F,BA,1,Bengaluru,aditya.singh432@example.com
S0433,Sai Reddy,2002-02-21,M,B.Tech,2,Mumbai,sai.reddy433@example.com
S0434,Ananya Gupta,2007-10-20,F,B.Sc,3,Vijayawada,ananya.gupta434@example.com
S0435,Ishaan Reddy,2002-05-01,F,BBA,3,Pune,ishaan.reddy435@example.com
S0436,Aditya Rao,2002-11-12,F,BBA,3,Hyderabad,aditya.rao436@example.com
S0437,Sara Mehta,2003-11-15,F,B.Sc,3,Visakhapatnam,sara.mehta437@example.com
S0438,Meera Reddy,2004-07-24,M,B.Tech,1,Chennai,meera.reddy438@example.com
S0439,Vivaan Nair,2006-01-30,F,B.Sc,2,Hyderabad,vivaan.nair439@example.com
S0440,Saanvi Singh,2004-07-08,F,B.Sc,4,Kolkata,saanvi.singh440@example.com
S0441,Ishaan Reddy,2006-03-08,M,BA,1,Vijayawada,ishaan.reddy441@example.com
S0442,Krishna Gupta,2002-07-08,F,B.Tech,4,Bengaluru,krishna.gupta442@example.com
S0443,Shaurya Das,2002-12-20,F,B.Tech,3,Chennai,shaurya.das443@example.com
S0444,Shaurya Mehta,2005-05-29,M,BBA,3,Kochi,shaurya.mehta444@example.com
S0445,Sara Iyer,2004-10-01,M,B.Tech,4,Hyderabad,sara.iyer445@example.com
S0446,Krishna Gupta,2005-11-19,M,B.Com,1,Delhi,krishna.gupta446@example.com
S0447,Shaurya Reddy,2004-04-20,M,BBA,4,Hyderabad,shaurya.reddy447@example.com
S0448,Arjun Rao,2003-01-17,M,B.Sc,4,Kolkata,arjun.rao448@example.com
S0449,Myra Reddy,2003-01-27,M,BBA,1,Kochi,myra.reddy449@example.com
S0450,Meera Sharma,2006-11-17,M,B.Sc,3,Bengaluru,meera.sharma450@example.com
S0451,Diya Singh,2005-08-29,F,BBA,3,Chennai,diya.singh451@example.com
S0452,Aditya Iyer,2003-07-12,M,B.Sc,1,Vijayawada,aditya.iyer452@example.com
S0453,Myra Nair,2005-07-10,F,B.Tech,3,Chennai,myra.nair453@example.com
S0454,Myra Rao,2007-03-13,F,B.Tech,1,Vijayawada,myra.rao454@example.com
S0455,Shaurya Mehta,2002-06-15,M,B.Com,2,Visakhapatnam,shaurya.mehta455@example.com
S0456,Krishna Das,2006-06-12,M,B.Com,3,Vijayawada,krishna.das456@example.com
S0457,Aarav Singh,2007-01-27,M,B.Tech,4,Visakhapatnam,aarav.singh457@example.com
S0458,Arjun Reddy,2002-02-18,M,B.Sc,2,Chennai,arjun.reddy458@example.com
S0459,Aadhya Das,2002-12-11,F,B.Tech,1,Visakhapatnam,aadhya.das459@example.com
S0460,Reyansh Nair,2003-06-12,M,B.Com,1,Hyderabad,reyansh.nair460@example.com
S0461,Myra Sharma,2003-11-20,F,BBA,4,Hyderabad,myra.sharma461@example.com
S0462,Aadhya Singh,2003-12-09,F,B.Sc,2,Bengaluru,aadhya.singh462@example.com
S0463,Ishaan Nair,2003-09-01,M,BA,2,Bengaluru,ishaan.nair463@example.com
S0464,Sara Singh,2007-05-17,M,B.Tech,3,Delhi,sara.singh464@example.com
S0465,Arjun Singh,2004-03-27,M,BA,1,Delhi,arjun.singh465@example.com
S0466,Ananya Nair,2007-06-09,F,BA,3,Delhi,ananya.nair466@example.com
S0467,Ishaan Verma,2002-04-17,F,BA,2,Hyderabad,ishaan.verma467@example.com
S0468,Ishaan Sharma,2007-04-17,F,BA,2,Vijayawada,ishaan.sharma468@example.com
S0469,Vihaan Iyer,2004-09-14,F,BA,1,Chennai,vihaan.iyer469@example.com
S0470,Meera Singh,2005-12-24,M,B.Sc,2,Kochi,meera.singh470@example.com
S0471,Diya Das,2002-04-26,F,BA,2,Kochi,diya.das471@example.com
S0472,Reyansh Nair,2005-06-19,M,BBA,1,Visakhapatnam,reyansh.nair472@example.com
S0473,Vivaan Iyer,2004-06-15,M,BA,4,Hyderabad,vivaan.iyer473@example.com
S0474,Diya Mehta,2004-04-05,M,B.Com,2,Kolkata,diya.mehta474@example.com
S0475,Vivaan Sharma,2003-08-29,M,B.Tech,3,Visakhapatnam,vivaan.sharma475@example.com
S0476,Ananya Singh,2003-02-18,F,B.Com,3,Vijayawada,ananya.singh476@example.com
S0477,Sai Singh,2007-06-19,F,B.Sc,3,Chennai,sai.singh477@example.com
S0478,Meera Verma,2006-03-30,F,B.Com,2,Vijayawada,meera.verma478@example.com
S0479,Aarav Mehta,2006-05-23,M,B.Sc,3,Kochi,aarav.mehta479@example.com
S0480,Krishna Mehta,2003-03-03,F,B.Sc,3,Visakhapatnam,krishna.mehta480@example.com
S0481,Krishna Das,2005-08-01,M,B.Tech,3,Mumbai,krishna.das481@example.com
S0482,Aarav Rao,2004-05-08,M,B.Tech,3,Bengaluru,aarav.rao482@example.com
S0483,Vihaan Sharma,2002-07-17,F,BBA,4,Vijayawada,vihaan.sharma483@example.com
S0484,Ira Nair,2006-04-01,F,BA,4,Visakhapatnam,ira.nair484@example.com
S0485,Sara Mehta,2004-07-12,M,BBA,1,Hyderabad,sara.mehta485@example.com
S0486,Shaurya Sharma,2005-07-29,F,B.Tech,1,Kolkata,shaurya.sharma486@example.com
S0487,Sai Singh,2003-10-22,M,BA,1,Kolkata,sai.singh487@example.com
S0488,Anika Mehta,2007-06-01,M,BBA,2,Kochi,anika.mehta488@example.com
S0489,Ira Verma,2002-08-08,M,B.Com,2,Chennai,ira.verma489@example.com
S0490,Ira Gupta,2004-12-22,F,B.Com,2,Visakhapatnam,ira.gupta490@example.com
S0491,Vivaan Singh,2007-07-04,M,B.Tech,3,Hyderabad,vivaan.singh491@example.com
S0492,Ira Reddy,2005-04-21,F,B.Sc,1,Hyderabad,ira.reddy492@example.com
S0493,Reyansh Verma,2005-04-10,M,BBA,1,Bengaluru,reyansh.verma493@example.com
S0494,Aadhya Nair,2007-06-27,F,B.Tech,4,Vijayawada,aadhya.nair494@example.com
S0495,Ananya Singh,2006-02-22,M,BBA,1,Bengaluru,ananya.singh495@example.com
S0496,Myra Nair,2004-12-14,M,B.Com,1,Vijayawada,myra.nair496@example.com
S0497,Vihaan Reddy,2005-11-09,F,BA,2,Pune,vihaan.reddy497@example.com
S0498,Vivaan Singh,2007-11-11,F,BA,4,Kochi,vivaan.singh498@example.com
S0499,Krishna Nair,2005-05-09,M,BBA,1,Pune,krishna.nair499@example.com
S0500,Meera Gupta,2003-08-27,M,BBA,2,Vijayawada,meera.gupta500@example.com
S0501,Reyansh Iyer,2003-06-01,M,BBA,1,Delhi,reyansh.iyer501@example.com
S0502,Reyansh Verma,2004-11-22,F,B.Tech,1,Delhi,reyansh.verma502@example.com
S0503,Saanvi Singh,2005-08-28,F,BA,4,Hyderabad,saanvi.singh503@example.com
S0504,Anika Mehta,2007-11-11,F,B.Tech,4,Vijayawada,anika.mehta504@example.com
S0505,Arjun Mehta,2003-02-15,M,BA,1,Bengaluru,arjun.mehta505@example.com
S0506,Saanvi Das,2006-08-11,F,BBA,4,Kochi,saanvi.das506@example.com
S0507,Anika Nair,2002-06-03,M,B.Com,4,Vijayawada,anika.nair507@example.com
S0508,Anika Mehta,2006-07-04,M,BBA,3,Chennai,anika.mehta508@example.com
S0509,Vivaan Nair,2005-01-05,F,B.Tech,3,Bengaluru,vivaan.nair509@example.com
S0510,Shaurya Rao,2007-07-07,M,B.Sc,2,Bengaluru,shaurya.rao510@example.com
S0511,Myra Das,2005-01-08,F,BA,1,Chennai,myra.das511@example.com
S0512,Myra Iyer,2006-07-26,F,BA,3,Hyderabad,myra.iyer512@example.com
S0513,Riya Verma,2002-09-26,F,BA,4,Vijayawada,riya.verma513@example.com
S0514,Riya Mehta,2002-04-29,M,B.Sc,2,Hyderabad,riya.mehta514@example.com
S0515,Krishna Sharma,2007-02-13,M,B.Com,2,Bengaluru,krishna.sharma515@example.com
S0516,Ananya Nair,2007-08-31,F,B.Tech,1,Chennai,ananya.nair516@example.com
S0517,Ananya Nair,2007-01-02,M,BBA,3,Kolkata,ananya.nair517@example.com
S0518,Sai Rao,2003-01-06,F,B.Tech,4,Hyderabad,sai.rao518@example.com
S0519,Sai Mehta,2004-05-27,M,B.Sc,2,Bengaluru,sai.mehta519@example.com
S0520,Ira Gupta,2002-03-24,M,BBA,2,Vijayawada,ira.gupta520@example.com
S0521,Anika Sharma,2004-07-05,F,BA,3,Bengaluru,anika.sharma521@example.com
S0522,Ira Singh,2005-11-29,F,B.Com,2,Mumbai,ira.singh522@example.com
S0523,Shaurya Gupta,2006-06-15,M,B.Tech,3,Pune,shaurya.gupta523@example.com
S0524,Anika Mehta,2005-03-03,F,B.Tech,4,Visakhapatnam,anika.mehta524@example.com
S0525,Diya Rao,2005-08-24,F,B.Com,3,Chennai,diya.rao525@example.com
S0526,Arjun Gupta,2004-09-11,M,BA,4,Kolkata,arjun.gupta526@example.com
S0527,Arjun Sharma,2007-07-31,F,B.Com,4,Delhi,arjun.sharma527@example.com
S0528,Aadhya Sharma,2004-02-17,F,B.Sc,4,Kolkata,aadhya.sharma528@example.com
S0529,Riya Rao,2003-11-28,M,B.Com,1,Mumbai,riya.rao529@example.com
S0530,Arjun Rao,2004-01-20,F,B.Tech,2,Kolkata,arjun.rao530@example.com
S0531,Krishna Rao,2006-09-19,F,B.Com,3,Kochi,krishna.rao531@example.com
S0532,Shaurya Nair,2003-04-28,F,B.Tech,1,Mumbai,shaurya.nair532@example.com
S0533,Reyansh Gupta,2003-05-06,F,BA,3,Delhi,reyansh.gupta533@example.com
S0534,Vivaan Verma,2003-07-17,M,B.Com,4,Kochi,vivaan.verma534@example.com
S0535,Myra Verma,2005-07-19,M,B.Tech,4,Kolkata,myra.verma535@example.com
S0536,Sai Das,2002-08-26,M,BBA,3,Chennai,sai.das536@example.com
S0537,Sai Mehta,2003-10-11,F,B.Tech,2,Kochi,sai.mehta537@example.com
S0538,Ira Singh,2006-07-11,F,BBA,4,Hyderabad,ira.singh538@example.com
S0539,Vivaan Gupta,2004-03-27,F,B.Tech,3,Pune,vivaan.gupta539@example.com
S0540,Reyansh Sharma,2002-01-17,M,B.Sc,3,Bengaluru,reyansh.sharma540@example.com
S0541,Arjun Reddy,2006-04-21,F,B.Sc,1,Hyderabad,arjun.reddy541@example.com
S0542,Shaurya Rao,2007-02-11,F,BBA,2,Kolkata,shaurya.rao542@example.com
S0543,Sara Das,2004-02-11,M,BBA,1,Chennai,sara.das543@example.com
S0544,Krishna Verma,2004-05-15,M,BA,2,Visakhapatnam,krishna.verma544@example.com
S0545,Ananya Sharma,2006-03-17,F,BA,1,Kochi,ananya.sharma545@example.com
S0546,Vivaan Reddy,2002-03-22,M,B.Tech,4,Mumbai,vivaan.reddy546@example.com
S0547,Aadhya Reddy,2004-11-01,F,B.Sc,2,Hyderabad,aadhya.reddy547@example.com
S0548,Shaurya Singh,2003-02-18,F,BA,2,Delhi,shaurya.singh548@example.com
S0549,Vihaan Gupta,2003-04-28,F,B.Tech,1,Mumbai,vihaan.gupta549@example.com
S0550,Reyansh Mehta,2004-03-29,F,BA,2,Kolkata,reyansh.mehta550@example.com
S0551,Ira Rao,2003-10-19,M,BA,4,Chennai,ira.rao551@example.com
S0552,Sara Das,2004-08-18,M,B.Tech,1,Visakhapatnam,sara.das552@example.com
S0553,Meera Nair,2003-09-03,M,BA,1,Visakhapatnam,meera.nair553@example.com
S0554,Ishaan Iyer,2007-02-14,F,B.Com,4,Hyderabad,ishaan.iyer554@example.com
S0555,Vihaan Verma,2002-06-11,F,B.Com,3,Delhi,vihaan.verma555@example.com
S0556,Vihaan Reddy,2002-07-07,M,B.Sc,2,Kolkata,vihaan.reddy556@example.com
S0557,Ananya Nair,2005-01-03,M,B.Com,3,Vijayawada,ananya.nair557@example.com
S0558,Vihaan Singh,2006-06-28,F,B.Com,4,Mumbai,vihaan.singh558@example.com
S0559,Ira Verma,2003-04-09,M,B.Tech,2,Visakhapatnam,ira.verma559@example.com
S0560,Ira Mehta,2007-06-01,F,B.Sc,4,Kolkata,ira.mehta560@example.com
S0561,Anika Sharma,2003-06-20,F,BBA,1,Delhi,anika.sharma561@example.com
S0562,Myra Sharma,2002-09-17,F,B.Com,1,Pune,myra.sharma562@example.com
S0563,Meera Mehta,2004-07-06,F,BA,1,Delhi,meera.mehta563@example.com
S0564,Krishna Nair,2005-11-17,F,B.Sc,1,Hyderabad,krishna.nair564@example.com
S0565,Sai Gupta,2007-04-07,F,B.Sc,1,Mumbai,sai.gupta565@example.com
S0566,Diya Iyer,2005-09-17,F,B.Tech,2,Pune,diya.iyer566@example.com
S0567,Aadhya Singh,2004-08-20,M,BBA,4,Kochi,aadhya.singh567@example.com
S0568,Myra Reddy,2007-08-04,F,B.Com,1,Mumbai,myra.reddy568@example.com
S0569,Aarav Reddy,2006-07-11,F,B.Tech,1,Visakhapatnam,aarav.reddy569@example.com
S0570,Anika Mehta,2005-06-01,M,BBA,3,Kolkata,anika.mehta570@example.com
S0571,Vivaan Iyer,2007-02-05,F,BA,4,Kolkata,vivaan.iyer571@example.com
S0572,Myra Reddy,2003-02-04,M,B.Tech,3,Kolkata,myra.reddy572@example.com
S0573,Shaurya Gupta,2007-11-09,F,B.Tech,1,Vijayawada,shaurya.gupta573@example.com
S0574,Sara Verma,2006-08-04,M,B.Com,2,Chennai,sara.verma574@example.com
S0575,Vihaan Singh,2004-06-02,F,B.Sc,3,Visakhapatnam,vihaan.singh575@example.com
S0576,Ira Sharma,2003-05-20,F,BBA,2,Mumbai,ira.sharma576@example.com
S0577,Aarav Gupta,2002-07-18,F,BA,4,Pune,aarav.gupta577@example.com
S0578,Sai Mehta,2003-12-13,M,B.Tech,4,Kochi,sai.mehta578@example.com
S0579,Anika Das,2007-08-27,F,BBA,2,Bengaluru,anika.das579@example.com
S0580,Aadhya Das,2005-04-19,F,B.Sc,2,Delhi,aadhya.das580@example.com
S0581,Anika Gupta,2005-05-09,F,BA,2,Chennai,anika.gupta581@example.com
S0582,Reyansh Mehta,2005-04-05,F,B.Sc,2,Pune,reyansh.mehta582@example.com
S0583,Saanvi Das,2003-04-18,F,BA,4,Kochi,saanvi.das583@example.com
S0584,Meera Singh,2007-12-27,F,BBA,1,Pune,meera.singh584@example.com
S0585,Vihaan Sharma,2006-04-10,M,B.Tech,1,Chennai,vihaan.sharma585@example.com
S0586,Ishaan Verma,2005-03-19,F,B.Sc,1,Bengaluru,ishaan.verma586@example.com
S0587,Reyansh Gupta,2002-05-13,F,BBA,1,Kochi,reyansh.gupta587@example.com
S0588,Saanvi Iyer,2006-05-12,M,BA,3,Hyderabad,saanvi.iyer588@example.com
S0589,Aadhya Singh,2006-09-03,F,BA,1,Hyderabad,aadhya.singh589@example.com
S0590,Ishaan Iyer,2006-12-20,M,B.Com,2,Chennai,ishaan.iyer590@example.com
S0591,Shaurya Nair,2003-12-28,M,B.Sc,2,Pune,shaurya.nair591@example.com
S0592,Vihaan Singh,2002-06-16,F,B.Com,3,Vijayawada,vihaan.singh592@example.com
S0593,Sai Mehta,2004-11-10,M,B.Com,4,Vijayawada,sai.mehta593@example.com
S0594,Vivaan Verma,2005-08-14,M,BA,3,Mumbai,vivaan.verma594@example.com
S0595,Meera Gupta,2006-01-06,M,B.Com,2,Vijayawada,meera.gupta595@example.com
S0596,Riya Reddy,2007-09-01,M,BBA,4,Visakhapatnam,riya.reddy596@example.com
S0597,Ananya Iyer,2004-05-23,F,B.Com,3,Bengaluru,ananya.iyer597@example.com
S0598,Reyansh Mehta,2007-12-13,F,BA,1,Visakhapatnam,reyansh.mehta598@example.com
S0599,Ananya Nair,2004-09-11,M,B.Tech,3,Delhi,ananya.nair599@example.com
S0600,Vihaan Singh,2004-11-16,F,B.Tech,3,Pune,vihaan.singh600@example.com
S0601,Riya Nair,2007-06-17,M,B.Com,2,Kolkata,riya.nair601@example.com
S0602,Riya Reddy,2003-01-29,M,BA,1,Visakhapatnam,riya.reddy602@example.com
S0603,Reyansh Iyer,2006-10-04,M,B.Sc,4,Visakhapatnam,reyansh.iyer603@example.com
S0604,Arjun Sharma,2007-02-24,F,B.Tech,1,Visakhapatnam,arjun.sharma604@example.com
S0605,Vivaan Verma,2004-10-28,M,BA,2,Bengaluru,vivaan.verma605@example.com
S0606,Ira Singh,2007-01-22,F,BBA,3,Hyderabad,ira.singh606@example.com
S0607,Aadhya Reddy,2007-12-31,M,BA,1,Kochi,aadhya.reddy607@example.com
S0608,Vivaan Reddy,2006-01-05,M,B.Com,3,Kochi,vivaan.reddy608@example.com
S0609,Aditya Rao,2006-11-28,F,BBA,1,Mumbai,aditya.rao609@example.com
S0610,Sai Gupta,2004-06-19,M,BBA,3,Vijayawada,sai.gupta610@example.com
S0611,Shaurya Das,2002-02-15,M,B.Tech,1,Hyderabad,shaurya.das611@example.com
S0612,Meera Mehta,2006-06-03,M,B.Com,2,Kolkata,meera.mehta612@example.com
S0613,Reyansh Singh,2007-10-01,M,B.Sc,2,Chennai,reyansh.singh613@example.com
S0614,Anika Rao,2004-03-06,M,B.Sc,1,Pune,anika.rao614@example.com
S0615,Myra Gupta,2002-10-27,F,B.Tech,3,Visakhapatnam,myra.gupta615@example.com
S0616,Reyansh Mehta,2007-06-19,F,B.Com,2,Chennai,reyansh.mehta616@example.com
S0617,Vihaan Rao,2002-10-13,M,B.Com,4,Mumbai,vihaan.rao617@example.com
S0618,Diya Mehta,2005-06-06,M,BA,3,Kolkata,diya.mehta618@example.com
S0619,Ira Verma,2002-01-20,F,B.Sc,2,Delhi,ira.verma619@example.com
S0620,Ishaan Das,2003-07-05,F,BBA,4,Mumbai,ishaan.das620@example.com
S0621,Ananya Rao,2007-06-18,M,B.Sc,1,Bengaluru,ananya.rao621@example.com
S0622,Arjun Gupta,2004-03-15,F,B.Tech,1,Hyderabad,arjun.gupta622@example.com
S0623,Riya Sharma,2006-07-18,M,B.Tech,3,Pune,riya.sharma623@example.com
S0624,Saanvi Nair,2003-09-01,F,BBA,2,Kochi,saanvi.nair624@example.com
S0625,Shaurya Verma,2007-03-19,M,BBA,3,Pune,shaurya.verma625@example.com
S0626,Aarav Iyer,2003-11-11,M,BBA,2,Vijayawada,aarav.iyer626@example.com
S0627,Meera Mehta,2003-08-22,F,B.Com,1,Chennai,meera.mehta627@example.com
S0628,Sara Iyer,2002-09-15,F,B.Com,2,Hyderabad,sara.iyer628@example.com
S0629,Reyansh Gupta,2006-01-19,F,BBA,4,Hyderabad,reyansh.gupta629@example.com
S0630,Vivaan Das,2003-02-27,F,B.Com,2,Delhi,vivaan.das630@example.com
S0631,Aadhya Das,2002-11-15,F,BBA,2,Pune,aadhya.das631@example.com
S0632,Aadhya Das,2005-11-14,F,BBA,1,Pune,aadhya.das632@example.com
S0633,Arjun Nair,2003-11-10,M,B.Tech,3,Chennai,arjun.nair633@example.com
S0634,Arjun Verma,2003-10-07,F,BA,1,Chennai,arjun.verma634@example.com
S0635,Ira Das,2003-04-10,F,BBA,4,Chennai,ira.das635@example.com
S0636,Meera Verma,2006-08-11,M,B.Sc,1,Vijayawada,meera.verma636@example.com
S0637,Meera Mehta,2003-10-22,M,BA,1,Kochi,meera.mehta637@example.com
S0638,Arjun Sharma,2003-11-13,F,B.Sc,4,Kochi,arjun.sharma638@example.com
S0639,Meera Sharma,2005-03-07,M,B.Sc,4,Kochi,meera.sharma639@example.com
S0640,Sara Nair,2003-11-30,M,BBA,2,Kochi,sara.nair640@example.com
S0641,Sai Mehta,2007-09-24,F,B.Sc,3,Mumbai,sai.mehta641@example.com
S0642,Anika Mehta,2002-10-09,M,BBA,4,Vijayawada,anika.mehta642@example.com
S0643,Vihaan Sharma,2004-04-08,F,B.Sc,1,Vijayawada,vihaan.sharma643@example.com
S0644,Sara Mehta,2002-06-09,M,B.Tech,4,Vijayawada,sara.mehta644@example.com
S0645,Anika Gupta,2002-01-05,F,BA,4,Kolkata,anika.gupta645@example.com
S0646,Vivaan Gupta,2006-10-24,M,BBA,4,Kolkata,vivaan.gupta646@example.com
S0647,Meera Mehta,2003-02-05,F,B.Sc,3,Mumbai,meera.mehta647@example.com
S0648,Krishna Reddy,2005-03-06,F,B.Com,2,Hyderabad,krishna.reddy648@example.com
S0649,Aarav Mehta,2007-11-11,M,BA,1,Delhi,aarav.mehta649@example.com
S0650,Reyansh Das,2006-08-02,F,B.Tech,2,Delhi,reyansh.das650@example.com
S0651,Meera Rao,2004-12-06,F,BA,3,Kochi,meera.rao651@example.com
S0652,Ishaan Singh,2004-04-14,F,BA,4,Vijayawada,ishaan.singh652@example.com
S0653,Ananya Gupta,2007-06-05,F,B.Com,3,Delhi,ananya.gupta653@example.com
S0654,Arjun Reddy,2004-07-30,F,B.Sc,1,Chennai,arjun.reddy654@example.com
S0655,Riya Singh,2005-10-18,M,B.Sc,4,Hyderabad,riya.singh655@example.com
S0656,Aditya Verma,2007-04-16,F,B.Tech,1,Bengaluru,aditya.verma656@example.com
S0657,Krishna Das,2002-11-24,M,BBA,4,Kochi,krishna.das657@example.com
S0658,Riya Rao,2002-08-24,M,BBA,4,Hyderabad,riya.rao658@example.com
S0659,Reyansh Gupta,2005-03-17,M,B.Tech,2,Kochi,reyansh.gupta659@example.com
S0660,Sai Sharma,2006-01-13,M,B.Tech,2,Visakhapatnam,sai.sharma660@example.com
S0661,Ishaan Singh,2005-12-17,F,BBA,2,Pune,ishaan.singh661@example.com
S0662,Aarav Reddy,2003-01-05,F,BA,3,Kolkata,aarav.reddy662@example.com
S0663,Ishaan Iyer,2004-03-07,F,BBA,1,Bengaluru,ishaan.iyer663@example.com
S0664,Sai Singh,2007-09-05,M,BA,1,Pune,sai.singh664@example.com
S0665,Shaurya Das,2003-04-25,F,BA,3,Mumbai,shaurya.das665@example.com
S0666,Aadhya Mehta,2007-06-04,M,B.Com,4,Mumbai,aadhya.mehta666@example.com
S0667,Meera Sharma,2007-05-29,M,B.Com,1,Delhi,meera.sharma667@example.com
S0668,Krishna Iyer,2005-07-17,F,B.Com,1,Bengaluru,krishna.iyer668@example.com
S0669,Krishna Rao,2003-01-16,F,B.Com,1,Pune,krishna.rao669@example.com
S0670,Sai Nair,2005-07-09,F,B.Sc,3,Vijayawada,sai.nair670@example.com
S0671,Reyansh Nair,2004-03-28,M,B.Sc,3,Chennai,reyansh.nair671@example.com
S0672,Krishna Iyer,2004-10-19,F,B.Sc,1,Visakhapatnam,krishna.iyer672@example.com
S0673,Aditya Nair,2002-01-28,M,BBA,3,Kochi,aditya.nair673@example.com
S0674,Diya Nair,2005-01-30,F,B.Sc,3,Delhi,diya.nair674@example.com
S0675,Krishna Mehta,2003-06-10,M,BA,4,Mumbai,krishna.mehta675@example.com
S0676,Saanvi Sharma,2007-08-21,F,BBA,2,Mumbai,saanvi.sharma676@example.com
S0677,Vihaan Gupta,2007-02-28,F,B.Tech,1,Chennai,vihaan.gupta677@example.com
S0678,Aadhya Mehta,2003-02-17,F,B.Com,3,Vijayawada,aadhya.mehta678@example.com
S0679,Saanvi Rao,2004-08-29,F,BBA,3,Kolkata,saanvi.rao679@example.com
S0680,Sai Nair,2006-10-03,M,BBA,3,Kolkata,sai.nair680@example.com
S0681,Aadhya Rao,2007-01-21,M,BA,2,Kochi,aadhya.rao681@example.com
S0682,Krishna Reddy,2005-01-10,M,BA,4,Delhi,krishna.reddy682@example.com
S0683,Reyansh Verma,2003-09-05,F,B.Tech,2,Delhi,reyansh.verma683@example.com
S0684,Sara Verma,2007-10-19,F,BBA,3,Bengaluru,sara.verma684@example.com
S0685,Saanvi Mehta,2002-07-15,F,B.Tech,2,Hyderabad,saanvi.mehta685@example.com
S0686,Reyansh Rao,2007-05-06,M,BBA,3,Bengaluru,reyansh.rao686@example.com
S0687,Ananya Das,2004-11-21,F,B.Tech,4,Visakhapatnam,ananya.das687@example.com
S0688,Ananya Mehta,2004-03-25,M,B.Com,3,Kolkata,ananya.mehta688@example.com
S0689,Riya Nair,2007-01-05,M,BBA,3,Mumbai,riya.nair689@example.com
S0690,Arjun Verma,2005-10-13,F,BA,4,Visakhapatnam,arjun.verma690@example.com
S0691,Aditya Verma,2005-11-08,M,B.Com,3,Bengaluru,aditya.verma691@example.com
S0692,Ishaan Mehta,2006-06-08,F,BBA,3,Kochi,ishaan.mehta692@example.com
S0693,Riya Nair,2006-08-23,M,B.Sc,1,Vijayawada,riya.nair693@example.com
S0694,Krishna Rao,2002-11-24,M,B.Sc,4,Visakhapatnam,krishna.rao694@example.com
S0695,Vihaan Reddy,2007-04-23,M,B.Tech,4,Pune,vihaan.reddy695@example.com
S0696,Aditya Reddy,2004-12-11,M,B.Tech,4,Bengaluru,aditya.reddy696@example.com
S0697,Krishna Iyer,2005-03-09,F,B.Sc,2,Pune,krishna.iyer697@example.com
S0698,Sai Sharma,2002-05-24,F,B.Com,4,Mumbai,sai.sharma698@example.com
S0699,Saanvi Rao,2006-12-28,M,BA,2,Kochi,saanvi.rao699@example.com
S0700,Anika Nair,2006-11-17,F,B.Com,4,Pune,anika.nair700@example.com
S0701,Krishna Reddy,2006-12-15,F,B.Com,4,Bengaluru,krishna.reddy701@example.com
S0702,Arjun Rao,2002-02-13,M,BA,2,Kolkata,arjun.rao702@example.com
S0703,Shaurya Nair,2002-02-04,F,BBA,3,Hyderabad,shaurya.nair703@example.com
S0704,Ira Rao,2004-08-05,M,BA,3,Chennai,ira.rao704@example.com
S0705,Ira Gupta,2006-11-26,F,B.Sc,2,Delhi,ira.gupta705@example.com
S0706,Aadhya Iyer,2004-12-13,M,BBA,2,Pune,aadhya.iyer706@example.com
S0707,Anika Rao,2005-03-12,F,BBA,2,Visakhapatnam,anika.rao707@example.com
S0708,Sai Verma,2005-04-01,M,BBA,4,Bengaluru,sai.verma708@example.com
S0709,Anika Nair,2004-02-09,F,B.Tech,2,Hyderabad,anika.nair709@example.com
S0710,Saanvi Sharma,2004-02-01,M,B.Com,3,Vijayawada,saanvi.sharma710@example.com
S0711,Myra Sharma,2004-08-11,M,B.Sc,1,Mumbai,myra.sharma711@example.com
S0712,Reyansh Das,2006-09-18,F,BBA,3,Mumbai,reyansh.das712@example.com
S0713,Vivaan Das,2002-11-25,M,B.Tech,3,Delhi,vivaan.das713@example.com
S0714,Aditya Gupta,2007-04-10,M,B.Sc,3,Delhi,aditya.gupta714@example.com
S0715,Aarav Reddy,2004-10-16,F,BBA,2,Hyderabad,aarav.reddy715@example.com
S0716,Reyansh Nair,2003-01-20,M,BBA,4,Bengaluru,reyansh.nair716@example.com
S0717,Diya Verma,2002-06-22,M,B.Com,4,Bengaluru,diya.verma717@example.com
S0718,Reyansh Das,2002-08-02,M,B.Tech,2,Delhi,reyansh.das718@example.com
S0719,Diya Sharma,2003-11-17,F,BA,1,Delhi,diya.sharma719@example.com
S0720,Krishna Sharma,2002-06-22,F,BA,2,Kolkata,krishna.sharma720@example.com
S0721,Aditya Iyer,2003-10-08,F,B.Tech,3,Hyderabad,aditya.iyer721@example.com
S0722,Vivaan Das,2003-09-23,M,B.Sc,4,Chennai,vivaan.das722@example.com
S0723,Diya Gupta,2005-11-23,F,B.Sc,1,Delhi,diya.gupta723@example.com
S0724,Ananya Verma,2004-10-23,M,BBA,4,Pune,ananya.verma724@example.com
S0725,Shaurya Gupta,2007-07-01,M,BA,2,Pune,shaurya.gupta725@example.com
S0726,Ananya Das,2007-04-03,F,BA,2,Visakhapatnam,ananya.das726@example.com
S0727,Riya Verma,2007-01-15,F,B.Com,3,Mumbai,riya.verma727@example.com
S0728,Aarav Gupta,2006-04-02,M,B.Tech,3,Kochi,aarav.gupta728@example.com
S0729,Krishna Das,2002-09-17,F,B.Sc,4,Pune,krishna.das729@example.com
S0730,Arjun Mehta,2005-03-05,F,BBA,3,Visakhapatnam,arjun.mehta730@example.com
S0731,Vihaan Gupta,2002-10-01,M,B.Sc,2,Hyderabad,vihaan.gupta731@example.com
S0732,Reyansh Reddy,2007-06-12,M,B.Tech,1,Kochi,reyansh.reddy732@example.com
S0733,Aadhya Nair,2007-11-24,F,B.Tech,3,Chennai,aadhya.nair733@example.com
S0734,Anika Reddy,2002-02-23,M,BBA,1,Mumbai,anika.reddy734@example.com
S0735,Vivaan Das,2006-08-31,F,B.Tech,3,Pune,vivaan.das735@example.com
S0736,Vivaan Reddy,2005-05-29,M,B.Sc,1,Visakhapatnam,vivaan.reddy736@example.com
S0737,Krishna Gupta,2006-04-28,M,B.Sc,2,Kochi,krishna.gupta737@example.com
S0738,Sai Gupta,2006-08-28,M,BA,3,Mumbai,sai.gupta738@example.com
S0739,Ira Reddy,2003-11-15,M,BA,4,Pune,ira.reddy739@example.com
S0740,Diya Verma,2007-12-27,F,B.Com,3,Pune,diya.verma740@example.com
S0741,Diya Das,2006-08-16,F,B.Com,2,Kochi,diya.das741@example.com
S0742,Saanvi Iyer,2006-03-17,F,B.Com,4,Mumbai,saanvi.iyer742@example.com
S0743,Aadhya Sharma,2002-05-22,F,BA,1,Pune,aadhya.sharma743@example.com
S0744,Arjun Rao,2002-01-27,F,B.Sc,2,Kolkata,arjun.rao744@example.com
S0745,Aarav Rao,2007-09-26,M,B.Tech,1,Mumbai,aarav.rao745@example.com
S0746,Ananya Verma,2003-07-21,F,B.Com,2,Chennai,ananya.verma746@example.com
S0747,Ishaan Rao,2003-01-12,F,BA,2,Visakhapatnam,ishaan.rao747@example.com
S0748,Diya Nair,2003-12-10,F,BA,1,Kochi,diya.nair748@example.com
S0749,Shaurya Sharma,2006-04-12,M,B.Tech,3,Kolkata,shaurya.sharma749@example.com
S0750,Ira Singh,2003-05-09,M,BA,1,Delhi,ira.singh750@example.com
S0751,Vivaan Rao,2007-11-18,M,B.Com,2,Kolkata,vivaan.rao751@example.com
S0752,Riya Iyer,2003-09-20,M,BBA,4,Kochi,riya.iyer752@example.com
S0753,Meera Gupta,2003-01-04,M,BBA,3,Delhi,meera.gupta753@example.com
S0754,Arjun Verma,2005-10-08,M,BBA,1,Pune,arjun.verma754@example.com
S0755,Aadhya Rao,2002-12-15,F,BA,4,Vijayawada,aadhya.rao755@example.com
S0756,Arjun Nair,2004-03-22,F,BBA,2,Pune,arjun.nair756@example.com
S0757,Anika Gupta,2004-10-05,M,B.Tech,3,Delhi,anika.gupta757@example.com
S0758,Diya Mehta,2003-01-02,M,BBA,4,Kolkata,diya.mehta758@example.com
S0759,Ananya Iyer,2005-08-06,F,BA,1,Bengaluru,ananya.iyer759@example.com
S0760,Sai Das,2006-12-17,M,BBA,1,Chennai,sai.das760@example.com
S0761,Reyansh Das,2003-10-01,M,B.Tech,1,Chennai,reyansh.das761@example.com
S0762,Anika Verma,2005-03-24,M,B.Com,1,Bengaluru,anika.verma762@example.com
S0763,Myra Nair,2002-04-04,F,B.Sc,2,Chennai,myra.nair763@example.com
S0764,Saanvi Gupta,2004-11-25,F,BA,2,Hyderabad,saanvi.gupta764@example.com
S0765,Aadhya Mehta,2007-11-28,M,B.Com,2,Hyderabad,aadhya.mehta765@example.com
S0766,Shaurya Iyer,2005-01-16,M,BBA,1,Visakhapatnam,shaurya.iyer766@example.com
S0767,Aadhya Rao,2006-01-15,M,B.Tech,3,Delhi,aadhya.rao767@example.com
S0768,Krishna Singh,2007-09-14,M,B.Com,4,Kochi,krishna.singh768@example.com
S0769,Saanvi Reddy,2004-02-03,M,BA,4,Pune,saanvi.reddy769@example.com
S0770,Aarav Sharma,2004-10-10,F,B.Com,4,Delhi,aarav.sharma770@example.com
S0771,Sai Sharma,2005-11-21,F,B.Com,3,Chennai,sai.sharma771@example.com
S0772,Riya Rao,2002-09-11,F,BBA,1,Pune,riya.rao772@example.com
S0773,Ishaan Iyer,2003-09-14,F,BBA,2,Visakhapatnam,ishaan.iyer773@example.com
S0774,Aadhya Gupta,2004-07-20,F,B.Sc,2,Delhi,aadhya.gupta774@example.com
S0775,Shaurya Mehta,2005-09-10,F,BA,2,Chennai,shaurya.mehta775@example.com
S0776,Arjun Mehta,2004-04-08,M,B.Com,2,Delhi,arjun.mehta776@example.com
S0777,Arjun Mehta,2003-10-10,F,B.Tech,1,Vijayawada,arjun.mehta777@example.com
S0778,Diya Verma,2002-05-01,F,BBA,4,Bengaluru,diya.verma778@example.com
S0779,Myra Rao,2003-09-15,M,B.Tech,2,Vijayawada,myra.rao779@example.com
S0780,Aarav Mehta,2004-12-29,M,BA,2,Chennai,aarav.mehta780@example.com
S0781,Aarav Das,2002-11-22,F,B.Sc,4,Kolkata,aarav.das781@example.com
S0782,Sai Singh,2007-07-06,F,B.Sc,2,Chennai,sai.singh782@example.com
S0783,Krishna Sharma,2006-08-01,M,B.Com,4,Chennai,krishna.sharma783@example.com
S0784,Reyansh Iyer,2002-09-28,M,BBA,4,Kolkata,reyansh.iyer784@example.com
S0785,Myra Iyer,2006-10-18,F,B.Tech,4,Kolkata,myra.iyer785@example.com
S0786,Aadhya Mehta,2007-11-22,M,BA,1,Mumbai,aadhya.mehta786@example.com
S0787,Myra Sharma,2004-10-03,F,B.Tech,4,Pune,myra.sharma787@example.com
S0788,Vivaan Iyer,2005-04-07,F,BBA,3,Bengaluru,vivaan.iyer788@example.com
S0789,Myra Verma,2006-09-27,F,BA,1,Pune,myra.verma789@example.com
S0790,Arjun Nair,2007-01-25,M,BA,1,Vijayawada,arjun.nair790@example.com
S0791,Meera Gupta,2003-07-09,F,BBA,3,Mumbai,meera.gupta791@example.com
S0792,Aarav Verma,2007-02-02,M,BBA,1,Bengaluru,aarav.verma792@example.com
S0793,Diya Verma,2003-05-22,M,B.Tech,4,Kolkata,diya.verma793@example.com
S0794,Aditya Gupta,2006-04-23,M,BBA,4,Hyderabad,aditya.gupta794@example.com
S0795,Sai Das,2003-09-07,M,B.Sc,2,Hyderabad,sai.das795@example.com
S0796,Ira Rao,2005-06-21,F,B.Com,2,Visakhapatnam,ira.rao796@example.com
S0797,Arjun Iyer,2002-01-15,F,B.Tech,4,Mumbai,arjun.iyer797@example.com
S0798,Sara Gupta,2002-01-24,F,B.Sc,2,Kochi,sara.gupta798@example.com
S0799,Sara Nair,2006-08-07,F,B.Tech,1,Chennai,sara.nair799@example.com
S0800,Saanvi Rao,2004-04-30,M,B.Sc,2,Hyderabad,saanvi.rao800@example.com
S0801,Ananya Sharma,2003-08-19,M,BA,3,Kolkata,ananya.sharma801@example.com
S0802,Aditya Sharma,2003-03-23,F,B.Sc,2,Bengaluru,aditya.sharma802@example.com
S0803,Anika Mehta,2003-12-28,F,BA,3,Hyderabad,anika.mehta803@example.com
S0804,Aditya Rao,2005-08-15,F,BBA,1,Delhi,aditya.rao804@example.com
S0805,Saanvi Reddy,2005-04-14,F,B.Sc,1,Bengaluru,saanvi.reddy805@example.com
S0806,Diya Gupta,2006-08-22,M,B.Sc,1,Visakhapatnam,diya.gupta806@example.com
S0807,Meera Gupta,2002-12-26,F,BA,3,Delhi,meera.gupta807@example.com
S0808,Anika Das,2004-11-29,F,B.Sc,4,Pune,anika.das808@example.com
S0809,Sara Nair,2004-01-07,M,B.Com,2,Hyderabad,sara.nair809@example.com
S0810,Vihaan Sharma,2007-03-20,M,B.Sc,4,Delhi,vihaan.sharma810@example.com
S0811,Vivaan Das,2005-12-03,M,B.Tech,2,Bengaluru,vivaan.das811@example.com
S0812,Ishaan Reddy,2005-06-14,F,BA,3,Hyderabad,ishaan.reddy812@example.com
S0813,Vihaan Das,2005-10-30,F,BA,1,Vijayawada,vihaan.das813@example.com
S0814,Reyansh Das,2005-10-16,F,BBA,1,Vijayawada,reyansh.das814@example.com
S0815,Sara Verma,2007-03-02,F,BBA,4,Hyderabad,sara.verma815@example.com
S0816,Riya Rao,2005-07-16,M,B.Sc,3,Kolkata,riya.rao816@example.com
S0817,Aditya Verma,2005-02-22,M,B.Com,4,Pune,aditya.verma817@example.com
S0818,Sai Mehta,2006-05-15,M,BA,1,Bengaluru,sai.mehta818@example.com
S0819,Diya Sharma,2005-01-17,F,B.Tech,4,Chennai,diya.sharma819@example.com
S0820,Ananya Nair,2005-05-24,M,BA,3,Vijayawada,ananya.nair820@example.com
S0821,Vihaan Das,2002-06-03,M,B.Tech,4,Pune,vihaan.das821@example.com
S0822,Aarav Nair,2007-08-11,M,B.Sc,3,Mumbai,aarav.nair822@example.com
S0823,Riya Rao,2005-09-02,M,B.Tech,2,Chennai,riya.rao823@example.com
S0824,Vivaan Nair,2006-05-07,M,B.Tech,3,Hyderabad,vivaan.nair824@example.com
S0825,Anika Reddy,2005-09-27,F,B.Tech,1,Pune,anika.reddy825@example.com
S0826,Shaurya Sharma,2005-07-02,M,B.Com,2,Chennai,shaurya.sharma826@example.com
S0827,Shaurya Rao,2007-12-21,F,BBA,1,Bengaluru,shaurya.rao827@example.com
S0828,Arjun Verma,2005-01-25,M,B.Tech,1,Chennai,arjun.verma828@example.com
S0829,Saanvi Das,2005-07-28,F,B.Sc,3,Kochi,saanvi.das829@example.com
S0830,Krishna Verma,2002-10-19,F,BA,3,Pune,krishna.verma830@example.com
S0831,Myra Sharma,2003-06-17,M,BBA,1,Visakhapatnam,myra.sharma831@example.com
S0832,Aadhya Sharma,2002-12-19,F,BBA,2,Kochi,aadhya.sharma832@example.com
S0833,Meera Nair,2005-12-27,F,B.Com,2,Pune,meera.nair833@example.com
S0834,Aditya Nair,2003-06-24,M,BBA,1,Mumbai,aditya.nair834@example.com
S0835,Shaurya Nair,2007-04-12,M,B.Sc,2,Kochi,shaurya.nair835@example.com
S0836,Ishaan Das,2006-05-25,M,B.Com,3,Mumbai,ishaan.das836@example.com
S0837,Sara Sharma,2002-09-25,F,B.Tech,3,Mumbai,sara.sharma837@example.com
S0838,Myra Verma,2005-03-02,F,BA,2,Pune,myra.verma838@example.com
S0839,Vihaan Singh,2003-03-15,F,BA,1,Bengaluru,vihaan.singh839@example.com
S0840,Saanvi Nair,2006-06-30,F,B.Sc,2,Pune,saanvi.nair840@example.com
S0841,Sai Nair,2006-04-22,M,B.Com,2,Kochi,sai.nair841@example.com
S0842,Ira Singh,2005-11-02,M,B.Sc,1,Kochi,ira.singh842@example.com
S0843,Sara Reddy,2007-03-12,F,BA,1,Mumbai,sara.reddy843@example.com
S0844,Sai Rao,2006-07-21,M,BA,1,Kochi,sai.rao844@example.com
S0845,Aadhya Das,2007-07-18,M,B.Tech,2,Vijayawada,aadhya.das845@example.com
S0846,Meera Sharma,2003-08-24,M,BBA,3,Delhi,meera.sharma846@example.com
S0847,Anika Mehta,2007-01-06,M,B.Sc,3,Bengaluru,anika.mehta847@example.com
S0848,Meera Rao,2006-11-16,F,B.Tech,1,Kochi,meera.rao848@example.com
S0849,Riya Singh,2003-06-07,F,B.Tech,3,Pune,riya.singh849@example.com
S0850,Vivaan Sharma,2006-01-11,M,B.Com,1,Chennai,vivaan.sharma850@example.com
S0851,Ira Mehta,2006-06-03,F,BBA,4,Delhi,ira.mehta851@example.com
S0852,Ira Gupta,2004-05-15,M,BBA,2,Chennai,ira.gupta852@example.com
S0853,Saanvi Singh,2006-01-15,F,B.Sc,3,Vijayawada,saanvi.singh853@example.com
S0854,Arjun Sharma,2002-10-21,M,B.Sc,4,Delhi,arjun.sharma854@example.com
S0855,Arjun Reddy,2003-07-17,F,BBA,4,Kochi,arjun.reddy855@example.com
S0856,Sai Nair,2007-09-18,F,BA,4,Delhi,sai.nair856@example.com
S0857,Ananya Iyer,2004-02-01,F,BA,1,Kochi,ananya.iyer857@example.com
S0858,Sara Iyer,2007-08-18,F,BBA,3,Hyderabad,sara.iyer858@example.com
S0859,Vivaan Mehta,2007-06-03,F,B.Tech,4,Visakhapatnam,vivaan.mehta859@example.com
S0860,Arjun Gupta,2005-02-18,F,BA,1,Pune,arjun.gupta860@example.com
S0861,Anika Reddy,2004-10-01,F,B.Tech,3,Kochi,anika.reddy861@example.com
S0862,Vivaan Das,2002-02-14,F,BBA,4,Kochi,vivaan.das862@example.com
S0863,Diya Singh,2005-12-16,F,B.Com,2,Hyderabad,diya.singh863@example.com
S0864,Anika Rao,2004-12-02,M,BBA,2,Kochi,anika.rao864@example.com
S0865,Vivaan Rao,2002-04-22,F,BBA,1,Vijayawada,vivaan.rao865@example.com
S0866,Riya Reddy,2005-02-12,F,B.Sc,3,Bengaluru,riya.reddy866@example.com
S0867,Ishaan Sharma,2003-04-02,M,BA,2,Mumbai,ishaan.sharma867@example.com
S0868,Ananya Verma,2004-12-06,M,BBA,2,Pune,ananya.verma868@example.com
S0869,Vivaan Das,2002-12-12,M,BA,2,Mumbai,vivaan.das869@example.com
S0870,Ira Singh,2004-09-01,F,B.Sc,2,Kochi,ira.singh870@example.com
S0871,Ananya Sharma,2004-12-18,M,B.Tech,2,Mumbai,ananya.sharma871@example.com
S0872,Aadhya Nair,2005-05-19,F,BA,2,Delhi,aadhya.nair872@example.com
S0873,Aadhya Nair,2004-12-11,M,BA,4,Hyderabad,aadhya.nair873@example.com
S0874,Shaurya Nair,2006-04-14,F,BA,1,Visakhapatnam,shaurya.nair874@example.com
S0875,Saanvi Das,2006-11-04,F,B.Com,3,Bengaluru,saanvi.das875@example.com
S0876,Vihaan Rao,2006-05-22,F,B.Sc,2,Pune,vihaan.rao876@example.com
S0877,Diya Verma,2005-07-07,M,B.Tech,1,Hyderabad,diya.verma877@example.com
S0878,Ira Reddy,2007-11-22,M,BBA,3,Chennai,ira.reddy878@example.com
S0879,Shaurya Rao,2004-03-01,M,B.Tech,1,Hyderabad,shaurya.rao879@example.com
S0880,Anika Iyer,2003-05-14,M,B.Tech,2,Delhi,anika.iyer880@example.com
S0881,Meera Verma,2003-03-31,M,B.Com,3,Mumbai,meera.verma881@example.com
S0882,Aditya Nair,2005-02-06,F,B.Com,3,Vijayawada,aditya.nair882@example.com
S0883,Aditya Rao,2002-09-13,F,BBA,3,Hyderabad,aditya.rao883@example.com
S0884,Ishaan Rao,2003-12-30,F,B.Tech,4,Chennai,ishaan.rao884@example.com
S0885,Anika Singh,2004-01-01,F,B.Tech,2,Pune,anika.singh885@example.com
S0886,Ira Iyer,2003-03-12,F,B.Com,1,Hyderabad,ira.iyer886@example.com
S0887,Aditya Reddy,2004-10-23,F,B.Tech,4,Vijayawada,aditya.reddy887@example.com
S0888,Aarav Sharma,2006-05-19,F,B.Sc,3,Delhi,aarav.sharma888@example.com
S0889,Meera Sharma,2007-10-13,F,BBA,4,Delhi,meera.sharma889@example.com
S0890,Aditya Gupta,2004-07-14,M,BBA,4,Visakhapatnam,aditya.gupta890@example.com
S0891,Meera Gupta,2006-01-10,F,B.Com,4,Hyderabad,meera.gupta891@example.com
S0892,Aditya Das,2007-12-30,F,B.Tech,4,Bengaluru,aditya.das892@example.com
S0893,Reyansh Verma,2002-06-11,F,B.Sc,3,Delhi,reyansh.verma893@example.com
S0894,Vihaan Das,2007-06-16,M,BBA,2,Vijayawada,vihaan.das894@example.com
S0895,Vivaan Iyer,2002-04-14,M,BBA,4,Visakhapatnam,vivaan.iyer895@example.com
S0896,Saanvi Rao,2007-08-09,F,B.Tech,1,Kolkata,saanvi.rao896@example.com
S0897,Vivaan Das,2002-06-25,F,B.Tech,2,Pune,vivaan.das897@example.com
S0898,Myra Gupta,2003-09-03,M,B.Tech,1,Vijayawada,myra.gupta898@example.com
S0899,Sara Sharma,2007-04-15,M,B.Sc,2,Hyderabad,sara.sharma899@example.com
S0900,Sai Sharma,2005-06-12,M,BBA,2,Kochi,sai.sharma900@example.com
S0901,Aditya Reddy,2003-04-13,F,BA,2,Visakhapatnam,aditya.reddy901@example.com
S0902,Reyansh Singh,2005-10-13,F,B.Com,1,Kochi,reyansh.singh902@example.com
S0903,Saanvi Verma,2005-08-10,M,B.Tech,2,Kolkata,saanvi.verma903@example.com
S0904,Aditya Reddy,2005-01-26,M,BBA,2,Kolkata,aditya.reddy904@example.com
S0905,Saanvi Verma,2006-12-02,M,BA,1,Vijayawada,saanvi.verma905@example.com
S0906,Vihaan Mehta,2006-03-21,M,B.Tech,4,Visakhapatnam,vihaan.mehta906@example.com
S0907,Aarav Sharma,2004-01-05,M,BA,3,Delhi,aarav.sharma907@example.com
S0908,Sara Verma,2004-04-24,M,B.Com,4,Delhi,sara.verma908@example.com
S0909,Krishna Verma,2002-06-04,M,BBA,1,Bengaluru,krishna.verma909@example.com
S0910,Ananya Singh,2002-01-19,M,B.Sc,1,Pune,ananya.singh910@example.com
S0911,Vihaan Mehta,2006-01-22,M,BBA,2,Bengaluru,vihaan.mehta911@example.com
S0912,Vivaan Iyer,2003-04-07,M,BBA,4,Vijayawada,vivaan.iyer912@example.com
S0913,Sai Sharma,2002-08-10,F,B.Com,2,Delhi,sai.sharma913@example.com
S0914,Ishaan Das,2007-01-31,M,B.Tech,1,Pune,ishaan.das914@example.com
S0915,Sai Verma,2002-04-30,F,BA,1,Visakhapatnam,sai.verma915@example.com
S0916,Krishna Nair,2005-08-28,F,B.Sc,3,Chennai,krishna.nair916@example.com
S0917,Vihaan Das,2004-07-21,M,B.Sc,4,Chennai,vihaan.das917@example.com
S0918,Aadhya Iyer,2002-10-29,F,BA,4,Hyderabad,aadhya.iyer918@example.com
S0919,Ira Verma,2004-06-04,F,B.Sc,4,Kolkata,ira.verma919@example.com
S0920,Arjun Nair,2004-03-06,F,B.Com,2,Kolkata,arjun.nair920@example.com
S0921,Arjun Sharma,2002-09-02,F,B.Sc,1,Mumbai,arjun.sharma921@example.com
S0922,Myra Singh,2003-12-03,F,B.Sc,3,Kochi,myra.singh922@example.com
S0923,Sai Mehta,2003-11-28,M,B.Tech,4,Pune,sai.mehta923@example.com
S0924,Sara Iyer,2007-04-24,F,B.Com,1,Delhi,sara.iyer924@example.com
S0925,Krishna Iyer,2005-09-02,F,BA,2,Kochi,krishna.iyer925@example.com
S0926,Arjun Mehta,2002-01-21,F,B.Tech,1,Mumbai,arjun.mehta926@example.com
S0927,Riya Sharma,2006-10-10,F,BBA,1,Mumbai,riya.sharma927@example.com
S0928,Sara Iyer,2002-12-07,M,BBA,2,Vijayawada,sara.iyer928@example.com
S0929,Ananya Rao,2004-09-06,M,B.Tech,4,Bengaluru,ananya.rao929@example.com
S0930,Sai Nair,2002-04-10,F,BBA,2,Delhi,sai.nair930@example.com
S0931,Sai Das,2007-03-17,M,B.Tech,4,Kolkata,sai.das931@example.com
S0932,Riya Sharma,2005-04-29,F,B.Com,2,Visakhapatnam,riya.sharma932@example.com
S0933,Anika Das,2002-08-13,F,B.Tech,1,Delhi,anika.das933@example.com
S0934,Ananya Nair,2002-06-17,F,B.Com,2,Pune,ananya.nair934@example.com
S0935,Aditya Gupta,2004-04-18,M,B.Com,2,Pune,aditya.gupta935@example.com
S0936,Vihaan Nair,2004-05-09,M,B.Com,3,Bengaluru,vihaan.nair936@example.com
S0937,Riya Singh,2005-02-09,M,B.Tech,3,Kolkata,riya.singh937@example.com
S0938,Myra Nair,2007-08-16,M,BBA,3,Mumbai,myra.nair938@example.com
S0939,Anika Das,2002-09-26,M,BBA,1,Visakhapatnam,anika.das939@example.com
S0940,Aadhya Verma,2005-03-27,M,B.Tech,2,Bengaluru,aadhya.verma940@example.com
S0941,Vihaan Verma,2007-07-26,M,B.Sc,1,Bengaluru,vihaan.verma941@example.com
S0942,Ira Gupta,2003-06-25,F,B.Com,4,Mumbai,ira.gupta942@example.com
S0943,Aarav Rao,2004-02-14,M,B.Tech,2,Pune,aarav.rao943@example.com
S0944,Diya Singh,2005-11-05,F,BBA,4,Mumbai,diya.singh944@example.com
S0945,Shaurya Mehta,2003-06-25,F,B.Sc,3,Chennai,shaurya.mehta945@example.com
S0946,Sara Das,2005-03-26,M,B.Sc,3,Bengaluru,sara.das946@example.com
S0947,Myra Verma,2003-10-21,F,B.Sc,2,Vijayawada,myra.verma947@example.com
S0948,Sai Iyer,2003-04-24,M,B.Com,2,Mumbai,sai.iyer948@example.com
S0949,Ishaan Das,2004-01-26,M,BA,1,Kolkata,ishaan.das949@example.com
S0950,Ananya Verma,2006-03-08,F,BA,2,Pune,ananya.verma950@example.com
S0951,Shaurya Reddy,2002-04-13,F,BBA,2,Mumbai,shaurya.reddy951@example.com
S0952,Diya Verma,2002-01-18,F,B.Com,4,Bengaluru,diya.verma952@example.com
S0953,Meera Verma,2006-12-16,F,B.Tech,4,Hyderabad,meera.verma953@example.com
S0954,Arjun Gupta,2003-04-24,F,B.Tech,4,Kochi,arjun.gupta954@example.com
S0955,Krishna Nair,2006-01-03,M,B.Com,1,Kochi,krishna.nair955@example.com
S0956,Reyansh Mehta,2007-11-27,M,B.Com,2,Hyderabad,reyansh.mehta956@example.com
S0957,Aditya Gupta,2006-12-30,M,BA,4,Chennai,aditya.gupta957@example.com
S0958,Sara Das,2007-09-27,M,B.Com,4,Vijayawada,sara.das958@example.com
S0959,Ira Das,2006-05-01,F,B.Tech,3,Kolkata,ira.das959@example.com
S0960,Ananya Rao,2006-12-31,M,B.Sc,4,Delhi,ananya.rao960@example.com
S0961,Myra Rao,2003-11-02,F,BBA,2,Kochi,myra.rao961@example.com
S0962,Anika Reddy,2003-08-12,M,B.Com,4,Pune,anika.reddy962@example.com
S0963,Diya Reddy,2006-03-20,M,B.Tech,4,Bengaluru,diya.reddy963@example.com
S0964,Ira Verma,2007-03-08,M,B.Sc,2,Delhi,ira.verma964@example.com
S0965,Shaurya Gupta,2007-07-03,M,B.Com,3,Mumbai,shaurya.gupta965@example.com
S0966,Saanvi Nair,2004-07-08,M,B.Tech,2,Bengaluru,saanvi.nair966@example.com
S0967,Shaurya Nair,2003-05-24,F,BBA,2,Mumbai,shaurya.nair967@example.com
S0968,Krishna Sharma,2003-05-04,F,BBA,1,Kochi,krishna.sharma968@example.com
S0969,Ananya Mehta,2007-05-23,F,B.Com,4,Visakhapatnam,ananya.mehta969@example.com
S0970,Ananya Gupta,2002-03-13,F,B.Sc,1,Vijayawada,ananya.gupta970@example.com
S0971,Diya Nair,2003-07-09,F,B.Sc,1,Bengaluru,diya.nair971@example.com
S0972,Ananya Singh,2005-12-29,M,B.Com,3,Pune,ananya.singh972@example.com
S0973,Aditya Gupta,2004-03-04,M,B.Tech,2,Pune,aditya.gupta973@example.com
S0974,Diya Das,2005-05-18,F,B.Com,1,Pune,diya.das974@example.com
S0975,Meera Das,2003-08-12,M,B.Sc,3,Kolkata,meera.das975@example.com
S0976,Sara Singh,2005-10-25,M,B.Tech,2,Vijayawada,sara.singh976@example.com
S0977,Riya Iyer,2004-02-11,M,BBA,4,Visakhapatnam,riya.iyer977@example.com
S0978,Vihaan Verma,2002-03-13,F,B.Com,3,Kolkata,vihaan.verma978@example.com
S0979,Arjun Nair,2007-11-13,F,B.Sc,3,Hyderabad,arjun.nair979@example.com
S0980,Vihaan Iyer,2003-06-12,M,B.Sc,3,Vijayawada,vihaan.iyer980@example.com
S0981,Reyansh Verma,2002-11-18,F,B.Tech,1,Hyderabad,reyansh.verma981@example.com
S0982,Sara Singh,2002-06-24,M,B.Tech,1,Pune,sara.singh982@example.com
S0983,Meera Sharma,2007-04-06,M,B.Com,1,Visakhapatnam,meera.sharma983@example.com
S0984,Shaurya Sharma,2003-01-31,M,BA,2,Kochi,shaurya.sharma984@example.com
S0985,Reyansh Verma,2005-12-10,M,B.Tech,2,Bengaluru,reyansh.verma985@example.com
S0986,Meera Das,2005-12-13,M,BA,2,Pune,meera.das986@example.com
S0987,Meera Reddy,2003-02-10,M,BA,2,Chennai,meera.reddy987@example.com
S0988,Shaurya Verma,2002-01-18,M,B.Sc,4,Kolkata,shaurya.verma988@example.com
S0989,Meera Verma,2006-12-06,M,B.Sc,3,Delhi,meera.verma989@example.com
S0990,Ira Iyer,2007-10-08,M,BBA,1,Kolkata,ira.iyer990@example.com
S0991,Vihaan Nair,2003-03-28,M,BBA,3,Bengaluru,vihaan.nair991@example.com
S0992,Saanvi Sharma,2002-12-03,F,BBA,1,Delhi,saanvi.sharma992@example.com
S0993,Shaurya Nair,2005-07-01,F,B.Sc,4,Bengaluru,shaurya.nair993@example.com
S0994,Ira Iyer,2002-10-13,F,B.Com,2,Hyderabad,ira.iyer994@example.com
S0995,Sara Reddy,2006-06-12,F,BA,1,Visakhapatnam,sara.reddy995@example.com
S0996,Arjun Singh,2006-06-29,M,B.Sc,1,Kolkata,arjun.singh996@example.com
S0997,Reyansh Das,2004-03-31,F,B.Tech,2,Delhi,reyansh.das997@example.com
S0998,Sara Rao,2005-01-23,F,B.Com,4,Kochi,sara.rao998@example.com
S0999,Aadhya Nair,2007-09-26,F,B.Sc,4,Visakhapatnam,aadhya.nair999@example.com
S1000,Vihaan Rao,2007-06-28,F,B.Sc,2,Hyderabad,vihaan.rao1000@example.com
